ISO-10303-21;
HEADER;
FILE_DESCRIPTION (( 'STEP AP214' ),
    '1' );
FILE_NAME ('AB26TRB-32.768KHZ-T.STEP',
    '2022-02-16T05:06:19',
    ( '' ),
    ( '' ),
    'SwSTEP 2.0',
    'SolidWorks 2018',
    '' );
FILE_SCHEMA (( 'AUTOMOTIVE_DESIGN' ));
ENDSEC;

DATA;
#1 = AXIS2_PLACEMENT_3D ( 'NONE', #374, #57, #685 ) ;
#2 = CARTESIAN_POINT ( 'NONE',  ( 7.100000000000000533, 0.6000000000000007550, 0.0000000000000000000 ) ) ;
#3 = FILL_AREA_STYLE_COLOUR ( '', #296 ) ;
#4 = LINE ( 'NONE', #295, #411 ) ;
#5 = CYLINDRICAL_SURFACE ( 'NONE', #722, 0.1000000000000000194 ) ;
#6 = FILL_AREA_STYLE ('',( #1176 ) ) ;
#7 = PRESENTATION_LAYER_ASSIGNMENT (  '', '', ( #1148 ) ) ;
#8 = EDGE_LOOP ( 'NONE', ( #1045, #537, #207, #444 ) ) ;
#9 = EDGE_LOOP ( 'NONE', ( #1152, #288, #1198, #205 ) ) ;
#10 = SURFACE_SIDE_STYLE ('',( #533 ) ) ;
#11 = UNCERTAINTY_MEASURE_WITH_UNIT (LENGTH_MEASURE( 1.000000000000000082E-05 ), #494, 'distance_accuracy_value', 'NONE');
#12 = AXIS2_PLACEMENT_3D ( 'NONE', #782, #143, #886 ) ;
#13 = FILL_AREA_STYLE ('',( #650 ) ) ;
#14 = SURFACE_STYLE_FILL_AREA ( #602 ) ;
#15 = AXIS2_PLACEMENT_3D ( 'NONE', #1229, #1048, #531 ) ;
#16 = CARTESIAN_POINT ( 'NONE',  ( 7.100000000000000533, 1.169999999999999263, 0.1000000000000000194 ) ) ;
#17 = SURFACE_SIDE_STYLE ('',( #785 ) ) ;
#18 = SURFACE_STYLE_FILL_AREA ( #515 ) ;
#19 =( GEOMETRIC_REPRESENTATION_CONTEXT ( 3 ) GLOBAL_UNCERTAINTY_ASSIGNED_CONTEXT ( ( #854 ) ) GLOBAL_UNIT_ASSIGNED_CONTEXT ( ( #1204, #696, #590 ) ) REPRESENTATION_CONTEXT ( 'NONE', 'WORKASPACE' ) );
#20 = SURFACE_STYLE_FILL_AREA ( #1334 ) ;
#21 = SURFACE_STYLE_USAGE ( .BOTH. , #652 ) ;
#22 = DIRECTION ( 'NONE',  ( 0.0000000000000000000, 0.0000000000000000000, 1.000000000000000000 ) ) ;
#23 =( GEOMETRIC_REPRESENTATION_CONTEXT ( 3 ) GLOBAL_UNCERTAINTY_ASSIGNED_CONTEXT ( ( #1301 ) ) GLOBAL_UNIT_ASSIGNED_CONTEXT ( ( #292, #1033, #508 ) ) REPRESENTATION_CONTEXT ( 'NONE', 'WORKASPACE' ) );
#24 = VERTEX_POINT ( 'NONE', #218 ) ;
#25 = CARTESIAN_POINT ( 'NONE',  ( 7.100000000000000533, -0.6000000000000007550, 0.0000000000000000000 ) ) ;
#26 = ORIENTED_EDGE ( 'NONE', *, *, #293, .T. ) ;
#27 = ORIENTED_EDGE ( 'NONE', *, *, #142, .F. ) ;
#28 = CARTESIAN_POINT ( 'NONE',  ( 0.1999999999999996503, 0.0000000000000000000, 0.0000000000000000000 ) ) ;
#29 = CARTESIAN_POINT ( 'NONE',  ( 5.800000000000000711, 0.0000000000000000000, 0.0000000000000000000 ) ) ;
#30 = EDGE_CURVE ( 'NONE', #121, #1061, #1173, .T. ) ;
#31 = AXIS2_PLACEMENT_3D ( 'NONE', #526, #625, #299 ) ;
#32 = SURFACE_SIDE_STYLE ('',( #1311 ) ) ;
#33 = MECHANICAL_DESIGN_GEOMETRIC_PRESENTATION_REPRESENTATION (  '', ( #912 ), #683 ) ;
#34 = PRESENTATION_STYLE_ASSIGNMENT (( #1330 ) ) ;
#35 = DIRECTION ( 'NONE',  ( 1.000000000000000000, 0.0000000000000000000, 0.0000000000000000000 ) ) ;
#36 = VECTOR ( 'NONE', #871, 1000.000000000000000 ) ;
#37 = DIRECTION ( 'NONE',  ( 0.0000000000000000000, 0.0000000000000000000, -1.000000000000000000 ) ) ;
#38 = FILL_AREA_STYLE ('',( #450 ) ) ;
#39 = CARTESIAN_POINT ( 'NONE',  ( 1.894744111674209863, 1.347111479062088257E-16, -1.099999999999999867 ) ) ;
#40 = CYLINDRICAL_SURFACE ( 'NONE', #1186, 0.9499999999999998446 ) ;
#41 = MECHANICAL_DESIGN_GEOMETRIC_PRESENTATION_REPRESENTATION (  '', ( #1200 ), #112 ) ;
#42 = CIRCLE ( 'NONE', #642, 0.1000000000000000194 ) ;
#43 = CARTESIAN_POINT ( 'NONE',  ( 3.540192378864665645, 1.255262969126036600E-16, 0.9499999999999998446 ) ) ;
#44 = ORIENTED_EDGE ( 'NONE', *, *, #1022, .T. ) ;
#45 = CARTESIAN_POINT ( 'NONE',  ( 7.000000000000000000, -0.6000000000000000888, 0.0000000000000000000 ) ) ;
#46 = ORIENTED_EDGE ( 'NONE', *, *, #917, .F. ) ;
#47 = PRODUCT_DEFINITION_FORMATION_WITH_SPECIFIED_SOURCE ( 'ANY', '', #863, .NOT_KNOWN. ) ;
#48 = SURFACE_SIDE_STYLE ('',( #928 ) ) ;
#49 = DIRECTION ( 'NONE',  ( 1.000000000000000000, 0.0000000000000000000, 0.0000000000000000000 ) ) ;
#50 = SURFACE_STYLE_USAGE ( .BOTH. , #233 ) ;
#51 = FILL_AREA_STYLE ('',( #160 ) ) ;
#52 = FACE_OUTER_BOUND ( 'NONE', #1217, .T. ) ;
#53 = EDGE_CURVE ( 'NONE', #903, #572, #94, .T. ) ;
#54 = FACE_OUTER_BOUND ( 'NONE', #997, .T. ) ;
#55 = DIRECTION ( 'NONE',  ( 0.0000000000000000000, 0.0000000000000000000, 1.000000000000000000 ) ) ;
#56 = AXIS2_PLACEMENT_3D ( 'NONE', #679, #971, #340 ) ;
#57 = DIRECTION ( 'NONE',  ( 1.000000000000000000, 0.0000000000000000000, 0.0000000000000000000 ) ) ;
#58 = FACE_OUTER_BOUND ( 'NONE', #8, .T. ) ;
#59 = CARTESIAN_POINT ( 'NONE',  ( 9.000000000000001776, -1.369999999999999440, 1.224646799147353115E-17 ) ) ;
#60 = CYLINDRICAL_SURFACE ( 'NONE', #651, 1.099999999999999867 ) ;
#61 =( LENGTH_UNIT ( ) NAMED_UNIT ( * ) SI_UNIT ( .MILLI., .METRE. ) );
#62 = CIRCLE ( 'NONE', #597, 0.1000000000000000194 ) ;
#63 = ORIENTED_EDGE ( 'NONE', *, *, #384, .F. ) ;
#64 = PRESENTATION_LAYER_ASSIGNMENT (  '', '', ( #1219 ) ) ;
#65 = ORIENTED_EDGE ( 'NONE', *, *, #616, .T. ) ;
#66 = VERTEX_POINT ( 'NONE', #763 ) ;
#67 = PRODUCT_RELATED_PRODUCT_CATEGORY ( 'part', '', ( #863 ) ) ;
#68 = FILL_AREA_STYLE ('',( #370 ) ) ;
#69 = CARTESIAN_POINT ( 'NONE',  ( 0.1999999999999996503, 0.0000000000000000000, 0.0000000000000000000 ) ) ;
#70 = ADVANCED_FACE ( 'NONE', ( #630 ), #1195, .T. ) ;
#71 = CARTESIAN_POINT ( 'NONE',  ( 6.000000000000000000, 0.0000000000000000000, 0.0000000000000000000 ) ) ;
#72 = FILL_AREA_STYLE ('',( #76 ) ) ;
#73 = AXIS2_PLACEMENT_3D ( 'NONE', #874, #1095, #1307 ) ;
#74 = STYLED_ITEM ( 'NONE', ( #718 ), #929 ) ;
#75 = CARTESIAN_POINT ( 'NONE',  ( 0.0000000000000000000, 0.0000000000000000000, 0.0000000000000000000 ) ) ;
#76 = FILL_AREA_STYLE_COLOUR ( '', #498 ) ;
#77 = UNCERTAINTY_MEASURE_WITH_UNIT (LENGTH_MEASURE( 1.000000000000000082E-05 ), #1180, 'distance_accuracy_value', 'NONE');
#78 =( NAMED_UNIT ( * ) PLANE_ANGLE_UNIT ( ) SI_UNIT ( $, .RADIAN. ) );
#79 = EDGE_CURVE ( 'NONE', #690, #903, #483, .T. ) ;
#80 = ORIENTED_EDGE ( 'NONE', *, *, #958, .F. ) ;
#81 = ORIENTED_EDGE ( 'NONE', *, *, #1245, .F. ) ;
#82 =( LENGTH_UNIT ( ) NAMED_UNIT ( * ) SI_UNIT ( .MILLI., .METRE. ) );
#83 = MECHANICAL_DESIGN_GEOMETRIC_PRESENTATION_REPRESENTATION (  '', ( #1219 ), #795 ) ;
#84 = DIRECTION ( 'NONE',  ( 0.0000000000000000000, 0.0000000000000000000, -1.000000000000000000 ) ) ;
#85 = FILL_AREA_STYLE ('',( #927 ) ) ;
#86 = DIRECTION ( 'NONE',  ( -1.000000000000000000, -0.0000000000000000000, -0.0000000000000000000 ) ) ;
#87 = DIRECTION ( 'NONE',  ( -1.000000000000000000, 0.0000000000000000000, 0.0000000000000000000 ) ) ;
#88 = PRESENTATION_LAYER_ASSIGNMENT (  '', '', ( #890 ) ) ;
#89 =( GEOMETRIC_REPRESENTATION_CONTEXT ( 3 ) GLOBAL_UNCERTAINTY_ASSIGNED_CONTEXT ( ( #1199 ) ) GLOBAL_UNIT_ASSIGNED_CONTEXT ( ( #1004, #891, #166 ) ) REPRESENTATION_CONTEXT ( 'NONE', 'WORKASPACE' ) );
#90 =( NAMED_UNIT ( * ) PLANE_ANGLE_UNIT ( ) SI_UNIT ( $, .RADIAN. ) );
#91 = DIRECTION ( 'NONE',  ( 1.000000000000000000, -1.204669080539449590E-16, 0.0000000000000000000 ) ) ;
#92 = CIRCLE ( 'NONE', #12, 1.099999999999999645 ) ;
#93 = ORIENTED_EDGE ( 'NONE', *, *, #624, .F. ) ;
#94 = CIRCLE ( 'NONE', #753, 0.1000000000000000194 ) ;
#95 = VERTEX_POINT ( 'NONE', #1201 ) ;
#96 = ORIENTED_EDGE ( 'NONE', *, *, #102, .T. ) ;
#97 = ADVANCED_FACE ( 'NONE', ( #193, #206 ), #998, .F. ) ;
#98 = DIRECTION ( 'NONE',  ( 1.000000000000000000, 0.0000000000000000000, 0.0000000000000000000 ) ) ;
#99 = AXIS2_PLACEMENT_3D ( 'NONE', #930, #165, #159 ) ;
#100 = UNCERTAINTY_MEASURE_WITH_UNIT (LENGTH_MEASURE( 1.000000000000000082E-05 ), #360, 'distance_accuracy_value', 'NONE');
#101 =( NAMED_UNIT ( * ) PLANE_ANGLE_UNIT ( ) SI_UNIT ( $, .RADIAN. ) );
#102 = EDGE_CURVE ( 'NONE', #772, #661, #62, .T. ) ;
#103 = DIRECTION ( 'NONE',  ( 1.000000000000000000, 0.0000000000000000000, 0.0000000000000000000 ) ) ;
#104 = STYLED_ITEM ( 'NONE', ( #203 ), #692 ) ;
#105 = SURFACE_STYLE_FILL_AREA ( #51 ) ;
#106 =( GEOMETRIC_REPRESENTATION_CONTEXT ( 3 ) GLOBAL_UNCERTAINTY_ASSIGNED_CONTEXT ( ( #318 ) ) GLOBAL_UNIT_ASSIGNED_CONTEXT ( ( #1344, #78, #181 ) ) REPRESENTATION_CONTEXT ( 'NONE', 'WORKASPACE' ) );
#107 = VECTOR ( 'NONE', #570, 999.9999999999998863 ) ;
#108 = DIRECTION ( 'NONE',  ( 0.0000000000000000000, 0.0000000000000000000, -1.000000000000000000 ) ) ;
#109 = VERTEX_POINT ( 'NONE', #43 ) ;
#110 =( NAMED_UNIT ( * ) PLANE_ANGLE_UNIT ( ) SI_UNIT ( $, .RADIAN. ) );
#111 = ORIENTED_EDGE ( 'NONE', *, *, #1276, .F. ) ;
#112 =( GEOMETRIC_REPRESENTATION_CONTEXT ( 3 ) GLOBAL_UNCERTAINTY_ASSIGNED_CONTEXT ( ( #276 ) ) GLOBAL_UNIT_ASSIGNED_CONTEXT ( ( #1288, #567, #663 ) ) REPRESENTATION_CONTEXT ( 'NONE', 'WORKASPACE' ) );
#113 = CARTESIAN_POINT ( 'NONE',  ( 7.100000000000000533, 0.6000000000000007550, 0.0000000000000000000 ) ) ;
#114 = MECHANICAL_DESIGN_GEOMETRIC_PRESENTATION_REPRESENTATION (  '', ( #251 ), #1220 ) ;
#115 = TOROIDAL_SURFACE ( 'NONE', #469, 0.7499999999999998890, 0.2000000000000000111 ) ;
#116 = FACE_OUTER_BOUND ( 'NONE', #232, .T. ) ;
#117 = FACE_OUTER_BOUND ( 'NONE', #522, .T. ) ;
#118 = MECHANICAL_DESIGN_GEOMETRIC_PRESENTATION_REPRESENTATION (  '', ( #985 ), #691 ) ;
#119 = ORIENTED_EDGE ( 'NONE', *, *, #784, .F. ) ;
#120 = CARTESIAN_POINT ( 'NONE',  ( 6.999999999999999112, -0.5000000000000000000, 0.0000000000000000000 ) ) ;
#121 = VERTEX_POINT ( 'NONE', #132 ) ;
#122 = DIRECTION ( 'NONE',  ( 0.0000000000000000000, 0.0000000000000000000, -1.000000000000000000 ) ) ;
#123 = FILL_AREA_STYLE_COLOUR ( '', #466 ) ;
#124 =( GEOMETRIC_REPRESENTATION_CONTEXT ( 3 ) GLOBAL_UNCERTAINTY_ASSIGNED_CONTEXT ( ( #935 ) ) GLOBAL_UNIT_ASSIGNED_CONTEXT ( ( #82, #290, #821 ) ) REPRESENTATION_CONTEXT ( 'NONE', 'WORKASPACE' ) );
#125 =( NAMED_UNIT ( * ) SI_UNIT ( $, .STERADIAN. ) SOLID_ANGLE_UNIT ( ) );
#126 = CARTESIAN_POINT ( 'NONE',  ( 7.100000000000000533, 1.169999999999999263, 0.0000000000000000000 ) ) ;
#127 = DIRECTION ( 'NONE',  ( 1.000000000000000000, 0.0000000000000000000, 0.0000000000000000000 ) ) ;
#128 =( LENGTH_UNIT ( ) NAMED_UNIT ( * ) SI_UNIT ( .MILLI., .METRE. ) );
#129 = COLOUR_RGB ( '',1.000000000000000000, 1.000000000000000000, 1.000000000000000000 ) ;
#130 = CARTESIAN_POINT ( 'NONE',  ( 7.199999999999997513, -1.270000000000052420, 0.0000000000000000000 ) ) ;
#131 = EDGE_CURVE ( 'NONE', #109, #809, #549, .T. ) ;
#132 = CARTESIAN_POINT ( 'NONE',  ( 7.200000000000001066, 1.169999999999999929, 0.0000000000000000000 ) ) ;
#133 = COLOUR_RGB ( '',1.000000000000000000, 1.000000000000000000, 1.000000000000000000 ) ;
#134 = CARTESIAN_POINT ( 'NONE',  ( 5.800000000000000711, 0.0000000000000000000, 0.0000000000000000000 ) ) ;
#135 = AXIS2_PLACEMENT_3D ( 'NONE', #120, #1064, #862 ) ;
#136 = ORIENTED_EDGE ( 'NONE', *, *, #1119, .T. ) ;
#137 = EDGE_LOOP ( 'NONE', ( #333, #486 ) ) ;
#138 = ORIENTED_EDGE ( 'NONE', *, *, #1276, .T. ) ;
#139 = DIRECTION ( 'NONE',  ( 1.000000000000000000, -1.204669080539449590E-16, 0.0000000000000000000 ) ) ;
#140 = DIRECTION ( 'NONE',  ( 0.0000000000000000000, 0.0000000000000000000, 1.000000000000000000 ) ) ;
#141 = CARTESIAN_POINT ( 'NONE',  ( 0.0000000000000000000, 1.040949779275250017E-16, 0.7499999999999998890 ) ) ;
#142 = EDGE_CURVE ( 'NONE', #900, #1297, #1316, .T. ) ;
#143 = DIRECTION ( 'NONE',  ( -1.000000000000000000, -0.0000000000000000000, -0.0000000000000000000 ) ) ;
#144 = PRESENTATION_LAYER_ASSIGNMENT (  '', '', ( #767 ) ) ;
#145 = CIRCLE ( 'NONE', #1103, 0.1000000000000000194 ) ;
#146 = DIRECTION ( 'NONE',  ( 1.000000000000000000, 0.0000000000000000000, 0.0000000000000000000 ) ) ;
#147 = DIRECTION ( 'NONE',  ( 0.0000000000000000000, 1.000000000000000000, 0.0000000000000000000 ) ) ;
#148 = PRODUCT_DEFINITION_SHAPE ( 'NONE', 'NONE',  #1367 ) ;
#149 = CARTESIAN_POINT ( 'NONE',  ( 6.999999999999999112, 0.5000000000000000000, 0.0000000000000000000 ) ) ;
#150 = SURFACE_SIDE_STYLE ('',( #331 ) ) ;
#151 = DIRECTION ( 'NONE',  ( -6.505213034913010038E-15, 1.000000000000000000, 0.0000000000000000000 ) ) ;
#152 = EDGE_CURVE ( 'NONE', #1293, #774, #92, .T. ) ;
#153 = FILL_AREA_STYLE ('',( #1302 ) ) ;
#154 = ORIENTED_EDGE ( 'NONE', *, *, #1184, .F. ) ;
#155 = ORIENTED_EDGE ( 'NONE', *, *, #422, .T. ) ;
#156 =( NAMED_UNIT ( * ) PLANE_ANGLE_UNIT ( ) SI_UNIT ( $, .RADIAN. ) );
#157 = AXIS2_PLACEMENT_3D ( 'NONE', #1225, #151, #475 ) ;
#158 = EDGE_LOOP ( 'NONE', ( #709, #658, #976, #708 ) ) ;
#159 = DIRECTION ( 'NONE',  ( 0.0000000000000000000, 0.0000000000000000000, -1.000000000000000000 ) ) ;
#160 = FILL_AREA_STYLE_COLOUR ( '', #607 ) ;
#161 = CYLINDRICAL_SURFACE ( 'NONE', #223, 0.9499999999999998446 ) ;
#162 = PRESENTATION_STYLE_ASSIGNMENT (( #270 ) ) ;
#163 = DIRECTION ( 'NONE',  ( 1.000000000000000000, 0.0000000000000000000, 0.0000000000000000000 ) ) ;
#164 = MECHANICAL_DESIGN_GEOMETRIC_PRESENTATION_REPRESENTATION (  '', ( #309 ), #400 ) ;
#165 = DIRECTION ( 'NONE',  ( 1.000000000000000000, 0.0000000000000000000, 0.0000000000000000000 ) ) ;
#166 =( NAMED_UNIT ( * ) SI_UNIT ( $, .STERADIAN. ) SOLID_ANGLE_UNIT ( ) );
#167 = COLOUR_RGB ( '',1.000000000000000000, 1.000000000000000000, 1.000000000000000000 ) ;
#168 = LINE ( 'NONE', #180, #641 ) ;
#169 = SURFACE_STYLE_FILL_AREA ( #1231 ) ;
#170 = SURFACE_STYLE_USAGE ( .BOTH. , #1139 ) ;
#171 = CARTESIAN_POINT ( 'NONE',  ( 7.200000000000001066, 1.169999999999999929, 0.0000000000000000000 ) ) ;
#172 = EDGE_LOOP ( 'NONE', ( #46, #1029, #26, #1264 ) ) ;
#173 = AXIS2_PLACEMENT_3D ( 'NONE', #1244, #282, #210 ) ;
#174 = ORIENTED_EDGE ( 'NONE', *, *, #1060, .F. ) ;
#175 = ORIENTED_EDGE ( 'NONE', *, *, #1259, .T. ) ;
#176 = UNCERTAINTY_MEASURE_WITH_UNIT (LENGTH_MEASURE( 1.000000000000000082E-05 ), #613, 'distance_accuracy_value', 'NONE');
#177 = ADVANCED_FACE ( 'NONE', ( #805 ), #1351, .T. ) ;
#178 = DIRECTION ( 'NONE',  ( 1.000000000000000000, 0.0000000000000000000, 0.0000000000000000000 ) ) ;
#179 = PRESENTATION_LAYER_ASSIGNMENT (  '', '', ( #251 ) ) ;
#180 = CARTESIAN_POINT ( 'NONE',  ( 6.000000000000000000, -0.5000000000000000000, -0.1000000000000000194 ) ) ;
#181 =( NAMED_UNIT ( * ) SI_UNIT ( $, .STERADIAN. ) SOLID_ANGLE_UNIT ( ) );
#182 = EDGE_CURVE ( 'NONE', #690, #219, #589, .T. ) ;
#183 = COLOUR_RGB ( '',1.000000000000000000, 1.000000000000000000, 1.000000000000000000 ) ;
#184 = PRESENTATION_LAYER_ASSIGNMENT (  '', '', ( #617 ) ) ;
#185 = CARTESIAN_POINT ( 'NONE',  ( 6.000000000000000000, -0.5000000000000000000, 0.0000000000000000000 ) ) ;
#186 = DIRECTION ( 'NONE',  ( -0.0000000000000000000, -0.0000000000000000000, -1.000000000000000000 ) ) ;
#187 = VECTOR ( 'NONE', #833, 1000.000000000000000 ) ;
#188 = VECTOR ( 'NONE', #463, 1000.000000000000000 ) ;
#189 = FILL_AREA_STYLE_COLOUR ( '', #1269 ) ;
#190 = FILL_AREA_STYLE ('',( #792 ) ) ;
#191 = EDGE_CURVE ( 'NONE', #404, #772, #328, .T. ) ;
#192 = ORIENTED_EDGE ( 'NONE', *, *, #1155, .T. ) ;
#193 = FACE_BOUND ( 'NONE', #137, .T. ) ;
#194 = SURFACE_SIDE_STYLE ('',( #1168 ) ) ;
#195 = AXIS2_PLACEMENT_3D ( 'NONE', #544, #657, #321 ) ;
#196 = APPLICATION_PROTOCOL_DEFINITION ( 'draft international standard', 'automotive_design', 1998, #1052 ) ;
#197 = CARTESIAN_POINT ( 'NONE',  ( 7.100000000000000533, -0.6000000000000007550, -0.1000000000000000194 ) ) ;
#198 = DIRECTION ( 'NONE',  ( 0.0000000000000000000, 0.0000000000000000000, -1.000000000000000000 ) ) ;
#199 = ADVANCED_FACE ( 'NONE', ( #301 ), #995, .T. ) ;
#200 = UNCERTAINTY_MEASURE_WITH_UNIT (LENGTH_MEASURE( 1.000000000000000082E-05 ), #128, 'distance_accuracy_value', 'NONE');
#201 = SURFACE_SIDE_STYLE ('',( #1365 ) ) ;
#202 = AXIS2_PLACEMENT_3D ( 'NONE', #996, #186, #87 ) ;
#203 = PRESENTATION_STYLE_ASSIGNMENT (( #1266 ) ) ;
#204 =( LENGTH_UNIT ( ) NAMED_UNIT ( * ) SI_UNIT ( .MILLI., .METRE. ) );
#205 = ORIENTED_EDGE ( 'NONE', *, *, #152, .F. ) ;
#206 = FACE_OUTER_BOUND ( 'NONE', #1076, .T. ) ;
#207 = ORIENTED_EDGE ( 'NONE', *, *, #1356, .T. ) ;
#208 = ORIENTED_EDGE ( 'NONE', *, *, #437, .T. ) ;
#209 = AXIS2_PLACEMENT_3D ( 'NONE', #674, #139, #599 ) ;
#210 = DIRECTION ( 'NONE',  ( 0.0000000000000000000, 0.0000000000000000000, -1.000000000000000000 ) ) ;
#211 = PRESENTATION_LAYER_ASSIGNMENT (  '', '', ( #741 ) ) ;
#212 = PLANE ( 'NONE',  #280 ) ;
#213 = COLOUR_RGB ( '',1.000000000000000000, 1.000000000000000000, 1.000000000000000000 ) ;
#214 =( LENGTH_UNIT ( ) NAMED_UNIT ( * ) SI_UNIT ( .MILLI., .METRE. ) );
#215 = AXIS2_PLACEMENT_3D ( 'NONE', #1011, #381, #389 ) ;
#216 = FACE_OUTER_BOUND ( 'NONE', #612, .T. ) ;
#217 = PRESENTATION_STYLE_ASSIGNMENT (( #922 ) ) ;
#218 = CARTESIAN_POINT ( 'NONE',  ( 6.999999999999999112, -0.5000000000000000000, -0.1000000000000000194 ) ) ;
#219 = VERTEX_POINT ( 'NONE', #485 ) ;
#220 = ORIENTED_EDGE ( 'NONE', *, *, #1375, .F. ) ;
#221 =( GEOMETRIC_REPRESENTATION_CONTEXT ( 3 ) GLOBAL_UNCERTAINTY_ASSIGNED_CONTEXT ( ( #563 ) ) GLOBAL_UNIT_ASSIGNED_CONTEXT ( ( #987, #983, #669 ) ) REPRESENTATION_CONTEXT ( 'NONE', 'WORKASPACE' ) );
#222 =( NAMED_UNIT ( * ) SI_UNIT ( $, .STERADIAN. ) SOLID_ANGLE_UNIT ( ) );
#223 = AXIS2_PLACEMENT_3D ( 'NONE', #71, #1108, #799 ) ;
#224 = FILL_AREA_STYLE_COLOUR ( '', #581 ) ;
#225 = EDGE_CURVE ( 'NONE', #809, #230, #1162, .T. ) ;
#226 = FACE_OUTER_BOUND ( 'NONE', #158, .T. ) ;
#227 = CARTESIAN_POINT ( 'NONE',  ( 7.100000000000000533, -1.169999999999999263, 0.1000000000000000194 ) ) ;
#228 =( GEOMETRIC_REPRESENTATION_CONTEXT ( 3 ) GLOBAL_UNCERTAINTY_ASSIGNED_CONTEXT ( ( #100 ) ) GLOBAL_UNIT_ASSIGNED_CONTEXT ( ( #360, #1102, #1097 ) ) REPRESENTATION_CONTEXT ( 'NONE', 'WORKASPACE' ) );
#229 = CARTESIAN_POINT ( 'NONE',  ( 9.000000000000001776, -1.169999999999999485, 0.0000000000000000000 ) ) ;
#230 = VERTEX_POINT ( 'NONE', #703 ) ;
#231 = EDGE_LOOP ( 'NONE', ( #1078, #155, #934, #1175 ) ) ;
#232 = EDGE_LOOP ( 'NONE', ( #595, #884, #1172, #1352, #93 ) ) ;
#233 = SURFACE_SIDE_STYLE ('',( #604 ) ) ;
#234 = VERTEX_POINT ( 'NONE', #59 ) ;
#235 = FILL_AREA_STYLE_COLOUR ( '', #1213 ) ;
#236 = EDGE_CURVE ( 'NONE', #839, #899, #399, .T. ) ;
#237 = PRESENTATION_LAYER_ASSIGNMENT (  '', '', ( #104 ) ) ;
#238 = CARTESIAN_POINT ( 'NONE',  ( 7.000000000000000000, 0.6000000000000000888, 0.0000000000000000000 ) ) ;
#239 = AXIS2_PLACEMENT_3D ( 'NONE', #1290, #1194, #964 ) ;
#240 = CIRCLE ( 'NONE', #600, 0.1000000000000000194 ) ;
#241 = DIRECTION ( 'NONE',  ( -6.505213034913010038E-15, -1.000000000000000000, 0.0000000000000000000 ) ) ;
#242 = SURFACE_STYLE_FILL_AREA ( #671 ) ;
#243 = CARTESIAN_POINT ( 'NONE',  ( 7.100000000000000533, 0.6000000000000007550, 0.1000000000000000194 ) ) ;
#244 = DIRECTION ( 'NONE',  ( -1.000000000000000000, -0.0000000000000000000, -0.0000000000000000000 ) ) ;
#245 = LINE ( 'NONE', #1309, #36 ) ;
#246 = DIRECTION ( 'NONE',  ( 0.0000000000000000000, 0.0000000000000000000, -1.000000000000000000 ) ) ;
#247 = AXIS2_PLACEMENT_3D ( 'NONE', #1112, #583, #163 ) ;
#248 = FILL_AREA_STYLE ('',( #977 ) ) ;
#249 = SURFACE_SIDE_STYLE ('',( #1124 ) ) ;
#250 = DIRECTION ( 'NONE',  ( 0.0000000000000000000, 0.0000000000000000000, -1.000000000000000000 ) ) ;
#251 = STYLED_ITEM ( 'NONE', ( #749 ), #742 ) ;
#252 = SURFACE_SIDE_STYLE ('',( #105 ) ) ;
#253 = EDGE_LOOP ( 'NONE', ( #726, #306 ) ) ;
#254 = ORIENTED_EDGE ( 'NONE', *, *, #760, .T. ) ;
#255 =( NAMED_UNIT ( * ) SI_UNIT ( $, .STERADIAN. ) SOLID_ANGLE_UNIT ( ) );
#256 = DIRECTION ( 'NONE',  ( 0.0000000000000000000, 0.0000000000000000000, -1.000000000000000000 ) ) ;
#257 = SURFACE_STYLE_USAGE ( .BOTH. , #362 ) ;
#258 = AXIS2_PLACEMENT_3D ( 'NONE', #335, #459, #1205 ) ;
#259 = DIRECTION ( 'NONE',  ( 0.8660254037844415942, 6.123233995736704406E-17, 0.4999999999999948930 ) ) ;
#260 = FILL_AREA_STYLE_COLOUR ( '', #213 ) ;
#261 = CIRCLE ( 'NONE', #872, 0.1000000000000000194 ) ;
#262 = CARTESIAN_POINT ( 'NONE',  ( 6.000000000000000000, 0.0000000000000000000, 0.0000000000000000000 ) ) ;
#263 = SURFACE_SIDE_STYLE ('',( #342 ) ) ;
#264 =( NAMED_UNIT ( * ) PLANE_ANGLE_UNIT ( ) SI_UNIT ( $, .RADIAN. ) );
#265 = FACE_OUTER_BOUND ( 'NONE', #371, .T. ) ;
#266 = AXIS2_PLACEMENT_3D ( 'NONE', #981, #439, #349 ) ;
#267 = SURFACE_STYLE_FILL_AREA ( #248 ) ;
#268 = ORIENTED_EDGE ( 'NONE', *, *, #1375, .T. ) ;
#269 = DIRECTION ( 'NONE',  ( 0.0000000000000000000, 0.0000000000000000000, -1.000000000000000000 ) ) ;
#270 = SURFACE_STYLE_USAGE ( .BOTH. , #813 ) ;
#271 = AXIS2_PLACEMENT_3D ( 'NONE', #238, #907, #693 ) ;
#272 = ORIENTED_EDGE ( 'NONE', *, *, #992, .T. ) ;
#273 = EDGE_LOOP ( 'NONE', ( #447, #192, #788, #1150 ) ) ;
#274 = SURFACE_SIDE_STYLE ('',( #1350 ) ) ;
#275 = DIRECTION ( 'NONE',  ( 1.000000000000000000, 0.0000000000000000000, 0.0000000000000000000 ) ) ;
#276 = UNCERTAINTY_MEASURE_WITH_UNIT (LENGTH_MEASURE( 1.000000000000000082E-05 ), #1288, 'distance_accuracy_value', 'NONE');
#277 = DIRECTION ( 'NONE',  ( 0.0000000000000000000, 0.0000000000000000000, -1.000000000000000000 ) ) ;
#278 = SURFACE_SIDE_STYLE ('',( #835 ) ) ;
#279 = AXIS2_PLACEMENT_3D ( 'NONE', #69, #275, #1002 ) ;
#280 = AXIS2_PLACEMENT_3D ( 'NONE', #729, #98, #836 ) ;
#281 = LINE ( 'NONE', #623, #875 ) ;
#282 = DIRECTION ( 'NONE',  ( 0.0000000000000000000, -1.000000000000000000, 0.0000000000000000000 ) ) ;
#283 = EDGE_CURVE ( 'NONE', #1061, #1338, #42, .T. ) ;
#284 = FACE_OUTER_BOUND ( 'NONE', #554, .T. ) ;
#285 = CARTESIAN_POINT ( 'NONE',  ( 6.999999999999999112, 0.5000000000000000000, 0.1000000000000000194 ) ) ;
#286 = PRESENTATION_LAYER_ASSIGNMENT (  '', '', ( #582 ) ) ;
#287 = ORIENTED_EDGE ( 'NONE', *, *, #304, .T. ) ;
#288 = ORIENTED_EDGE ( 'NONE', *, *, #1171, .T. ) ;
#289 = DIRECTION ( 'NONE',  ( 0.0000000000000000000, 0.0000000000000000000, -1.000000000000000000 ) ) ;
#290 =( NAMED_UNIT ( * ) PLANE_ANGLE_UNIT ( ) SI_UNIT ( $, .RADIAN. ) );
#291 = CARTESIAN_POINT ( 'NONE',  ( 9.000000000000001776, 1.369999999999999440, 0.0000000000000000000 ) ) ;
#292 =( LENGTH_UNIT ( ) NAMED_UNIT ( * ) SI_UNIT ( .MILLI., .METRE. ) );
#293 = EDGE_CURVE ( 'NONE', #230, #809, #611, .T. ) ;
#294 = AXIS2_PLACEMENT_3D ( 'NONE', #901, #178, #1122 ) ;
#295 = CARTESIAN_POINT ( 'NONE',  ( 6.000000000000000000, 1.163414459189985436E-16, -0.9499999999999998446 ) ) ;
#296 = COLOUR_RGB ( '',1.000000000000000000, 1.000000000000000000, 1.000000000000000000 ) ;
#297 = ADVANCED_FACE ( 'NONE', ( #786 ), #1170, .T. ) ;
#298 = UNCERTAINTY_MEASURE_WITH_UNIT (LENGTH_MEASURE( 1.000000000000000082E-05 ), #214, 'distance_accuracy_value', 'NONE');
#299 = DIRECTION ( 'NONE',  ( 0.0000000000000000000, 0.0000000000000000000, -1.000000000000000000 ) ) ;
#300 = CIRCLE ( 'NONE', #409, 0.1000000000000000194 ) ;
#301 = FACE_OUTER_BOUND ( 'NONE', #1252, .T. ) ;
#302 = APPLICATION_CONTEXT ( 'automotive_design' ) ;
#303 = DIRECTION ( 'NONE',  ( 1.000000000000000000, 0.0000000000000000000, 0.0000000000000000000 ) ) ;
#304 = EDGE_CURVE ( 'NONE', #1234, #1233, #1212, .T. ) ;
#305 = EDGE_LOOP ( 'NONE', ( #80, #415, #521, #487 ) ) ;
#306 = ORIENTED_EDGE ( 'NONE', *, *, #283, .T. ) ;
#307 = ORIENTED_EDGE ( 'NONE', *, *, #940, .F. ) ;
#308 = VERTEX_POINT ( 'NONE', #141 ) ;
#309 = STYLED_ITEM ( 'NONE', ( #458 ), #739 ) ;
#310 = ADVANCED_FACE ( 'NONE', ( #284 ), #881, .T. ) ;
#311 = CARTESIAN_POINT ( 'NONE',  ( 6.000000000000000000, -0.5000000000000000000, 0.0000000000000000000 ) ) ;
#312 = EDGE_CURVE ( 'NONE', #899, #839, #755, .T. ) ;
#313 = CARTESIAN_POINT ( 'NONE',  ( 6.000000000000000000, 0.5000000000000000000, -0.1000000000000000194 ) ) ;
#314 =( GEOMETRIC_REPRESENTATION_CONTEXT ( 3 ) GLOBAL_UNCERTAINTY_ASSIGNED_CONTEXT ( ( #598 ) ) GLOBAL_UNIT_ASSIGNED_CONTEXT ( ( #408, #1362, #405 ) ) REPRESENTATION_CONTEXT ( 'NONE', 'WORKASPACE' ) );
#315 = TOROIDAL_SURFACE ( 'NONE', #545, 0.7499999999999998890, 0.2000000000000000111 ) ;
#316 = SURFACE_STYLE_FILL_AREA ( #747 ) ;
#317 = APPLICATION_CONTEXT ( 'automotive_design' ) ;
#318 = UNCERTAINTY_MEASURE_WITH_UNIT (LENGTH_MEASURE( 1.000000000000000082E-05 ), #1344, 'distance_accuracy_value', 'NONE');
#319 = EDGE_LOOP ( 'NONE', ( #867, #957, #1335, #1164, #944 ) ) ;
#320 = AXIS2_PLACEMENT_3D ( 'NONE', #548, #962, #122 ) ;
#321 = DIRECTION ( 'NONE',  ( 0.0000000000000000000, 0.0000000000000000000, -1.000000000000000000 ) ) ;
#322 = PRESENTATION_LAYER_ASSIGNMENT (  '', '', ( #973 ) ) ;
#323 = DIRECTION ( 'NONE',  ( 0.0000000000000000000, 0.0000000000000000000, 1.000000000000000000 ) ) ;
#324 = EDGE_CURVE ( 'NONE', #1297, #404, #1026, .T. ) ;
#325 = PRESENTATION_STYLE_ASSIGNMENT (( #21 ) ) ;
#326 = SURFACE_STYLE_USAGE ( .BOTH. , #10 ) ;
#327 = MECHANICAL_DESIGN_GEOMETRIC_PRESENTATION_REPRESENTATION (  '', ( #565 ), #919 ) ;
#328 = LINE ( 'NONE', #1015, #1130 ) ;
#329 = DIRECTION ( 'NONE',  ( 1.000000000000000000, 0.0000000000000000000, 0.0000000000000000000 ) ) ;
#330 = ORIENTED_EDGE ( 'NONE', *, *, #1160, .F. ) ;
#331 = SURFACE_STYLE_FILL_AREA ( #950 ) ;
#332 = DIRECTION ( 'NONE',  ( 0.0000000000000000000, 0.0000000000000000000, -1.000000000000000000 ) ) ;
#333 = ORIENTED_EDGE ( 'NONE', *, *, #1207, .T. ) ;
#334 =( GEOMETRIC_REPRESENTATION_CONTEXT ( 3 ) GLOBAL_UNCERTAINTY_ASSIGNED_CONTEXT ( ( #614 ) ) GLOBAL_UNIT_ASSIGNED_CONTEXT ( ( #806, #467, #1100 ) ) REPRESENTATION_CONTEXT ( 'NONE', 'WORKASPACE' ) );
#335 = CARTESIAN_POINT ( 'NONE',  ( 7.100000000000000533, 0.6000000000000007550, 0.0000000000000000000 ) ) ;
#336 = CARTESIAN_POINT ( 'NONE',  ( 6.000000000000000000, -0.5000000000000000000, 0.1000000000000000194 ) ) ;
#337 = UNCERTAINTY_MEASURE_WITH_UNIT (LENGTH_MEASURE( 1.000000000000000082E-05 ), #1165, 'distance_accuracy_value', 'NONE');
#338 = DIRECTION ( 'NONE',  ( 0.0000000000000000000, -1.000000000000000000, 0.0000000000000000000 ) ) ;
#339 = CIRCLE ( 'NONE', #239, 0.9499999999999998446 ) ;
#340 = DIRECTION ( 'NONE',  ( 0.0000000000000000000, 0.0000000000000000000, 1.000000000000000000 ) ) ;
#341 = DIRECTION ( 'NONE',  ( -6.505213034913010038E-15, -1.000000000000000000, 0.0000000000000000000 ) ) ;
#342 = SURFACE_STYLE_FILL_AREA ( #190 ) ;
#343 = SURFACE_SIDE_STYLE ('',( #851 ) ) ;
#344 = EDGE_CURVE ( 'NONE', #1233, #772, #1230, .T. ) ;
#345 = DIRECTION ( 'NONE',  ( -6.505213034913010038E-15, 1.000000000000000000, 0.0000000000000000000 ) ) ;
#346 = CIRCLE ( 'NONE', #511, 0.1000000000000000194 ) ;
#347 =( NAMED_UNIT ( * ) SI_UNIT ( $, .STERADIAN. ) SOLID_ANGLE_UNIT ( ) );
#348 =( GEOMETRIC_REPRESENTATION_CONTEXT ( 3 ) GLOBAL_UNCERTAINTY_ASSIGNED_CONTEXT ( ( #337 ) ) GLOBAL_UNIT_ASSIGNED_CONTEXT ( ( #1165, #858, #1181 ) ) REPRESENTATION_CONTEXT ( 'NONE', 'WORKASPACE' ) );
#349 = DIRECTION ( 'NONE',  ( 0.0000000000000000000, 0.0000000000000000000, -1.000000000000000000 ) ) ;
#350 = LINE ( 'NONE', #1000, #1161 ) ;
#351 = CARTESIAN_POINT ( 'NONE',  ( 7.100000000000000533, -1.169999999999999263, 0.0000000000000000000 ) ) ;
#352 = VERTEX_POINT ( 'NONE', #229 ) ;
#353 =( NAMED_UNIT ( * ) PLANE_ANGLE_UNIT ( ) SI_UNIT ( $, .RADIAN. ) );
#354 = ORIENTED_EDGE ( 'NONE', *, *, #365, .T. ) ;
#355 = CARTESIAN_POINT ( 'NONE',  ( 7.100000000000000533, -0.6000000000000007550, 0.0000000000000000000 ) ) ;
#356 = DIRECTION ( 'NONE',  ( 0.0000000000000000000, 0.0000000000000000000, -1.000000000000000000 ) ) ;
#357 = EDGE_CURVE ( 'NONE', #853, #1293, #706, .T. ) ;
#358 = SURFACE_SIDE_STYLE ('',( #267 ) ) ;
#359 = MECHANICAL_DESIGN_GEOMETRIC_PRESENTATION_REPRESENTATION (  '', ( #1364 ), #1120 ) ;
#360 =( LENGTH_UNIT ( ) NAMED_UNIT ( * ) SI_UNIT ( .MILLI., .METRE. ) );
#361 = UNCERTAINTY_MEASURE_WITH_UNIT (LENGTH_MEASURE( 1.000000000000000082E-05 ), #740, 'distance_accuracy_value', 'NONE');
#362 = SURFACE_SIDE_STYLE ('',( #1281 ) ) ;
#363 = SURFACE_STYLE_USAGE ( .BOTH. , #882 ) ;
#364 = FILL_AREA_STYLE ('',( #1298 ) ) ;
#365 = EDGE_CURVE ( 'NONE', #308, #809, #500, .T. ) ;
#366 =( NAMED_UNIT ( * ) PLANE_ANGLE_UNIT ( ) SI_UNIT ( $, .RADIAN. ) );
#367 = FILL_AREA_STYLE_COLOUR ( '', #621 ) ;
#368 =( NAMED_UNIT ( * ) SI_UNIT ( $, .STERADIAN. ) SOLID_ANGLE_UNIT ( ) );
#369 = AXIS2_PLACEMENT_3D ( 'NONE', #75, #915, #289 ) ;
#370 = FILL_AREA_STYLE_COLOUR ( '', #1128 ) ;
#371 = EDGE_LOOP ( 'NONE', ( #27, #272, #44, #1232, #154, #822 ) ) ;
#372 = VECTOR ( 'NONE', #540, 1000.000000000000000 ) ;
#373 = ORIENTED_EDGE ( 'NONE', *, *, #191, .F. ) ;
#374 = CARTESIAN_POINT ( 'NONE',  ( 3.540192378864665645, 0.0000000000000000000, 0.0000000000000000000 ) ) ;
#375 = FILL_AREA_STYLE_COLOUR ( '', #133 ) ;
#376 =( LENGTH_UNIT ( ) NAMED_UNIT ( * ) SI_UNIT ( .MILLI., .METRE. ) );
#377 = MANIFOLD_SOLID_BREP ( 'Mirror1', #571 ) ;
#378 = AXIS2_PLACEMENT_3D ( 'NONE', #1058, #952, #323 ) ;
#379 = PRESENTATION_STYLE_ASSIGNMENT (( #170 ) ) ;
#380 = CIRCLE ( 'NONE', #586, 0.1000000000000000194 ) ;
#381 = DIRECTION ( 'NONE',  ( 1.000000000000000000, 0.0000000000000000000, 0.0000000000000000000 ) ) ;
#382 = CYLINDRICAL_SURFACE ( 'NONE', #1255, 0.9499999999999998446 ) ;
#383 = ADVANCED_FACE ( 'NONE', ( #1291 ), #40, .T. ) ;
#384 = EDGE_CURVE ( 'NONE', #572, #401, #645, .T. ) ;
#385 =( NAMED_UNIT ( * ) SI_UNIT ( $, .STERADIAN. ) SOLID_ANGLE_UNIT ( ) );
#386 = CIRCLE ( 'NONE', #551, 0.1000000000000000194 ) ;
#387 = AXIS2_PLACEMENT_3D ( 'NONE', #149, #461, #991 ) ;
#388 = ORIENTED_EDGE ( 'NONE', *, *, #344, .T. ) ;
#389 = DIRECTION ( 'NONE',  ( 0.0000000000000000000, 0.0000000000000000000, -1.000000000000000000 ) ) ;
#390 = STYLED_ITEM ( 'NONE', ( #686 ), #177 ) ;
#391 = PRODUCT_RELATED_PRODUCT_CATEGORY ( 'part', '', ( #1278 ) ) ;
#392 = SURFACE_STYLE_USAGE ( .BOTH. , #1239 ) ;
#393 = PRESENTATION_STYLE_ASSIGNMENT (( #396 ) ) ;
#394 = SURFACE_STYLE_USAGE ( .BOTH. , #194 ) ;
#395 = SURFACE_STYLE_USAGE ( .BOTH. , #618 ) ;
#396 = SURFACE_STYLE_USAGE ( .BOTH. , #619 ) ;
#397 = EDGE_CURVE ( 'NONE', #841, #774, #350, .T. ) ;
#398 = DIRECTION ( 'NONE',  ( 0.0000000000000000000, 0.0000000000000000000, -1.000000000000000000 ) ) ;
#399 = CIRCLE ( 'NONE', #320, 0.1000000000000000194 ) ;
#400 =( GEOMETRIC_REPRESENTATION_CONTEXT ( 3 ) GLOBAL_UNCERTAINTY_ASSIGNED_CONTEXT ( ( #298 ) ) GLOBAL_UNIT_ASSIGNED_CONTEXT ( ( #214, #432, #125 ) ) REPRESENTATION_CONTEXT ( 'NONE', 'WORKASPACE' ) );
#401 = VERTEX_POINT ( 'NONE', #1221 ) ;
#402 = ADVANCED_FACE ( 'NONE', ( #850 ), #60, .T. ) ;
#403 = EDGE_LOOP ( 'NONE', ( #1046, #220 ) ) ;
#404 = VERTEX_POINT ( 'NONE', #1104 ) ;
#405 =( NAMED_UNIT ( * ) SI_UNIT ( $, .STERADIAN. ) SOLID_ANGLE_UNIT ( ) );
#406 = CIRCLE ( 'NONE', #756, 0.9499999999999998446 ) ;
#407 = ADVANCED_FACE ( 'NONE', ( #1191 ), #5, .T. ) ;
#408 =( LENGTH_UNIT ( ) NAMED_UNIT ( * ) SI_UNIT ( .MILLI., .METRE. ) );
#409 = AXIS2_PLACEMENT_3D ( 'NONE', #1237, #711, #1136 ) ;
#410 = MECHANICAL_DESIGN_GEOMETRIC_PRESENTATION_REPRESENTATION (  '', ( #617 ), #89 ) ;
#411 = VECTOR ( 'NONE', #578, 1000.000000000000000 ) ;
#412 = DIRECTION ( 'NONE',  ( 0.0000000000000000000, 0.0000000000000000000, -1.000000000000000000 ) ) ;
#413 = APPLICATION_PROTOCOL_DEFINITION ( 'draft international standard', 'automotive_design', 1998, #527 ) ;
#414 = MECHANICAL_DESIGN_GEOMETRIC_PRESENTATION_REPRESENTATION (  '', ( #890 ), #535 ) ;
#415 = ORIENTED_EDGE ( 'NONE', *, *, #560, .F. ) ;
#416 = CARTESIAN_POINT ( 'NONE',  ( 6.000000000000000000, 0.5000000000000000000, 0.0000000000000000000 ) ) ;
#417 = ORIENTED_EDGE ( 'NONE', *, *, #945, .F. ) ;
#418 = EDGE_LOOP ( 'NONE', ( #1116, #287, #1098, #918 ) ) ;
#419 = AXIS2_PLACEMENT_3D ( 'NONE', #113, #754, #1273 ) ;
#420 = APPLICATION_PROTOCOL_DEFINITION ( 'draft international standard', 'automotive_design', 1998, #302 ) ;
#421 = SURFACE_SIDE_STYLE ('',( #18 ) ) ;
#422 = EDGE_CURVE ( 'NONE', #1234, #234, #478, .T. ) ;
#423 = CARTESIAN_POINT ( 'NONE',  ( 9.000000000000001776, 1.169999999999999485, 1.224646799147355888E-17 ) ) ;
#424 = MECHANICAL_DESIGN_GEOMETRIC_PRESENTATION_REPRESENTATION (  '', ( #1023 ), #499 ) ;
#425 = CIRCLE ( 'NONE', #195, 0.1000000000000000194 ) ;
#426 = CARTESIAN_POINT ( 'NONE',  ( 3.800000000000000266, 1.347111479062088010E-16, 1.099999999999999645 ) ) ;
#427 = ORIENTED_EDGE ( 'NONE', *, *, #1292, .T. ) ;
#428 = ORIENTED_EDGE ( 'NONE', *, *, #1236, .F. ) ;
#429 = AXIS2_PLACEMENT_3D ( 'NONE', #793, #893, #596 ) ;
#430 = CARTESIAN_POINT ( 'NONE',  ( 0.1999999999999996503, 0.0000000000000000000, 0.9499999999999998446 ) ) ;
#431 = EDGE_LOOP ( 'NONE', ( #632, #427 ) ) ;
#432 =( NAMED_UNIT ( * ) PLANE_ANGLE_UNIT ( ) SI_UNIT ( $, .RADIAN. ) );
#433 = SURFACE_STYLE_USAGE ( .BOTH. , #765 ) ;
#434 = UNCERTAINTY_MEASURE_WITH_UNIT (LENGTH_MEASURE( 1.000000000000000082E-05 ), #779, 'distance_accuracy_value', 'NONE');
#435 = FILL_AREA_STYLE_COLOUR ( '', #462 ) ;
#436 = SURFACE_STYLE_FILL_AREA ( #364 ) ;
#437 = EDGE_CURVE ( 'NONE', #352, #234, #300, .T. ) ;
#438 = PRESENTATION_LAYER_ASSIGNMENT (  '', '', ( #1113 ) ) ;
#439 = DIRECTION ( 'NONE',  ( 1.000000000000000000, 0.0000000000000000000, 0.0000000000000000000 ) ) ;
#440 = PRESENTATION_STYLE_ASSIGNMENT (( #394 ) ) ;
#441 = CARTESIAN_POINT ( 'NONE',  ( 6.000000000000000000, 0.0000000000000000000, 0.9499999999999998446 ) ) ;
#442 = PRESENTATION_STYLE_ASSIGNMENT (( #974 ) ) ;
#443 =( NAMED_UNIT ( * ) SI_UNIT ( $, .STERADIAN. ) SOLID_ANGLE_UNIT ( ) );
#444 = ORIENTED_EDGE ( 'NONE', *, *, #225, .F. ) ;
#445 = DIRECTION ( 'NONE',  ( 1.000000000000000000, 1.204669080539449590E-16, 0.0000000000000000000 ) ) ;
#446 = ORIENTED_EDGE ( 'NONE', *, *, #673, .F. ) ;
#447 = ORIENTED_EDGE ( 'NONE', *, *, #1111, .T. ) ;
#448 = DIRECTION ( 'NONE',  ( 0.0000000000000000000, 0.0000000000000000000, -1.000000000000000000 ) ) ;
#449 = STYLED_ITEM ( 'NONE', ( #1072 ), #700 ) ;
#450 = FILL_AREA_STYLE_COLOUR ( '', #1287 ) ;
#451 = DIRECTION ( 'NONE',  ( 0.0000000000000000000, 0.0000000000000000000, -1.000000000000000000 ) ) ;
#452 = CIRCLE ( 'NONE', #294, 0.1000000000000000194 ) ;
#453 = UNCERTAINTY_MEASURE_WITH_UNIT (LENGTH_MEASURE( 1.000000000000000082E-05 ), #1303, 'distance_accuracy_value', 'NONE');
#454 = DIRECTION ( 'NONE',  ( -1.000000000000000000, -0.0000000000000000000, -0.0000000000000000000 ) ) ;
#455 = MECHANICAL_DESIGN_GEOMETRIC_PRESENTATION_REPRESENTATION (  '', ( #712 ), #847 ) ;
#456 = SURFACE_STYLE_USAGE ( .BOTH. , #358 ) ;
#457 = ADVANCED_FACE ( 'NONE', ( #265 ), #534, .T. ) ;
#458 = PRESENTATION_STYLE_ASSIGNMENT (( #326 ) ) ;
#459 = DIRECTION ( 'NONE',  ( 0.0000000000000000000, 1.000000000000000000, 0.0000000000000000000 ) ) ;
#460 = AXIS2_PLACEMENT_3D ( 'NONE', #558, #244, #1188 ) ;
#461 = DIRECTION ( 'NONE',  ( 1.000000000000000000, 0.0000000000000000000, 0.0000000000000000000 ) ) ;
#462 = COLOUR_RGB ( '',1.000000000000000000, 1.000000000000000000, 1.000000000000000000 ) ;
#463 = DIRECTION ( 'NONE',  ( -1.000000000000000000, -0.0000000000000000000, -0.0000000000000000000 ) ) ;
#464 = ORIENTED_EDGE ( 'NONE', *, *, #152, .T. ) ;
#465 = CARTESIAN_POINT ( 'NONE',  ( 6.000000000000000000, 0.5000000000000000000, 0.1000000000000000194 ) ) ;
#466 = COLOUR_RGB ( '',1.000000000000000000, 1.000000000000000000, 1.000000000000000000 ) ;
#467 =( NAMED_UNIT ( * ) PLANE_ANGLE_UNIT ( ) SI_UNIT ( $, .RADIAN. ) );
#468 = SURFACE_STYLE_USAGE ( .BOTH. , #1106 ) ;
#469 = AXIS2_PLACEMENT_3D ( 'NONE', #959, #662, #868 ) ;
#470 =( NAMED_UNIT ( * ) SI_UNIT ( $, .STERADIAN. ) SOLID_ANGLE_UNIT ( ) );
#471 = COLOUR_RGB ( '',1.000000000000000000, 1.000000000000000000, 1.000000000000000000 ) ;
#472 = CIRCLE ( 'NONE', #1083, 1.099999999999999867 ) ;
#473 = CARTESIAN_POINT ( 'NONE',  ( 7.100000000000000533, 0.6000000000000007550, -0.1000000000000000194 ) ) ;
#474 =( LENGTH_UNIT ( ) NAMED_UNIT ( * ) SI_UNIT ( .MILLI., .METRE. ) );
#475 = DIRECTION ( 'NONE',  ( 0.0000000000000000000, 0.0000000000000000000, -1.000000000000000000 ) ) ;
#476 =( NAMED_UNIT ( * ) SI_UNIT ( $, .STERADIAN. ) SOLID_ANGLE_UNIT ( ) );
#477 =( GEOMETRIC_REPRESENTATION_CONTEXT ( 3 ) GLOBAL_UNCERTAINTY_ASSIGNED_CONTEXT ( ( #1331 ) ) GLOBAL_UNIT_ASSIGNED_CONTEXT ( ( #1126, #705, #385 ) ) REPRESENTATION_CONTEXT ( 'NONE', 'WORKASPACE' ) );
#478 = LINE ( 'NONE', #897, #1348 ) ;
#479 = PRESENTATION_LAYER_ASSIGNMENT (  '', '', ( #1123 ) ) ;
#480 = DIRECTION ( 'NONE',  ( 0.0000000000000000000, 0.0000000000000000000, 1.000000000000000000 ) ) ;
#481 = ADVANCED_FACE ( 'NONE', ( #1114 ), #970, .T. ) ;
#482 = ORIENTED_EDGE ( 'NONE', *, *, #616, .F. ) ;
#483 = CIRCLE ( 'NONE', #1027, 0.1000000000000000194 ) ;
#484 = UNCERTAINTY_MEASURE_WITH_UNIT (LENGTH_MEASURE( 1.000000000000000082E-05 ), #1332, 'distance_accuracy_value', 'NONE');
#485 = CARTESIAN_POINT ( 'NONE',  ( 7.100000000000000533, 1.169999999999999263, -0.1000000000000000194 ) ) ;
#486 = ORIENTED_EDGE ( 'NONE', *, *, #1160, .T. ) ;
#487 = ORIENTED_EDGE ( 'NONE', *, *, #225, .T. ) ;
#488 = DIRECTION ( 'NONE',  ( 1.000000000000000000, 0.0000000000000000000, 0.0000000000000000000 ) ) ;
#489 = CARTESIAN_POINT ( 'NONE',  ( 7.200000000000001954, -1.169999999999999485, 0.0000000000000000000 ) ) ;
#490 = PRESENTATION_LAYER_ASSIGNMENT (  '', '', ( #807 ) ) ;
#491 =( GEOMETRIC_REPRESENTATION_CONTEXT ( 3 ) GLOBAL_UNCERTAINTY_ASSIGNED_CONTEXT ( ( #453 ) ) GLOBAL_UNIT_ASSIGNED_CONTEXT ( ( #1303, #665, #347 ) ) REPRESENTATION_CONTEXT ( 'NONE', 'WORKASPACE' ) );
#492 = DIRECTION ( 'NONE',  ( 1.000000000000000000, 0.0000000000000000000, 0.0000000000000000000 ) ) ;
#493 = LINE ( 'NONE', #39, #1006 ) ;
#494 =( LENGTH_UNIT ( ) NAMED_UNIT ( * ) SI_UNIT ( .MILLI., .METRE. ) );
#495 = FACE_OUTER_BOUND ( 'NONE', #319, .T. ) ;
#496 = FILL_AREA_STYLE ('',( #1359 ) ) ;
#497 = EDGE_CURVE ( 'NONE', #593, #121, #386, .T. ) ;
#498 = COLOUR_RGB ( '',1.000000000000000000, 1.000000000000000000, 1.000000000000000000 ) ;
#499 =( GEOMETRIC_REPRESENTATION_CONTEXT ( 3 ) GLOBAL_UNCERTAINTY_ASSIGNED_CONTEXT ( ( #715 ) ) GLOBAL_UNIT_ASSIGNED_CONTEXT ( ( #734, #110, #1054 ) ) REPRESENTATION_CONTEXT ( 'NONE', 'WORKASPACE' ) );
#500 = CIRCLE ( 'NONE', #429, 0.1999999999999999833 ) ;
#501 = PRODUCT_DEFINITION_SHAPE ( 'NONE', 'NONE',  #1347 ) ;
#502 = VECTOR ( 'NONE', #1328, 1000.000000000000000 ) ;
#503 = DIRECTION ( 'NONE',  ( 0.0000000000000000000, 0.0000000000000000000, -1.000000000000000000 ) ) ;
#504 = ORIENTED_EDGE ( 'NONE', *, *, #560, .T. ) ;
#505 = EDGE_LOOP ( 'NONE', ( #745, #354, #865, #1017 ) ) ;
#506 = DIRECTION ( 'NONE',  ( -1.000000000000000000, 0.0000000000000000000, 0.0000000000000000000 ) ) ;
#507 = CARTESIAN_POINT ( 'NONE',  ( 6.000000000000000000, 0.5000000000000000000, 0.0000000000000000000 ) ) ;
#508 =( NAMED_UNIT ( * ) SI_UNIT ( $, .STERADIAN. ) SOLID_ANGLE_UNIT ( ) );
#509 = ADVANCED_FACE ( 'NONE', ( #943 ), #587, .T. ) ;
#510 = DIRECTION ( 'NONE',  ( 1.000000000000000000, 0.0000000000000000000, 0.0000000000000000000 ) ) ;
#511 = AXIS2_PLACEMENT_3D ( 'NONE', #519, #1147, #198 ) ;
#512 = PRODUCT_DEFINITION_FORMATION_WITH_SPECIFIED_SOURCE ( 'ANY', '', #1278, .NOT_KNOWN. ) ;
#513 = CIRCLE ( 'NONE', #1031, 0.1000000000000000194 ) ;
#514 =( NAMED_UNIT ( * ) SI_UNIT ( $, .STERADIAN. ) SOLID_ANGLE_UNIT ( ) );
#515 = FILL_AREA_STYLE ('',( #1040 ) ) ;
#516 = CYLINDRICAL_SURFACE ( 'NONE', #748, 0.1000000000000000194 ) ;
#517 = DIRECTION ( 'NONE',  ( 0.0000000000000000000, 0.0000000000000000000, -1.000000000000000000 ) ) ;
#518 = PRESENTATION_LAYER_ASSIGNMENT (  '', '', ( #824 ) ) ;
#519 = CARTESIAN_POINT ( 'NONE',  ( 7.100000000000000533, 1.169999999999999263, 0.0000000000000000000 ) ) ;
#520 = MECHANICAL_DESIGN_GEOMETRIC_PRESENTATION_REPRESENTATION (  '', ( #849 ), #491 ) ;
#521 = ORIENTED_EDGE ( 'NONE', *, *, #131, .T. ) ;
#522 = EDGE_LOOP ( 'NONE', ( #1030, #268, #524, #63 ) ) ;
#523 = VERTEX_POINT ( 'NONE', #615 ) ;
#524 = ORIENTED_EDGE ( 'NONE', *, *, #649, .T. ) ;
#525 = DIRECTION ( 'NONE',  ( 0.0000000000000000000, 0.0000000000000000000, -1.000000000000000000 ) ) ;
#526 = CARTESIAN_POINT ( 'NONE',  ( 6.000000000000000000, 0.0000000000000000000, 0.0000000000000000000 ) ) ;
#527 = APPLICATION_CONTEXT ( 'automotive_design' ) ;
#528 = DIRECTION ( 'NONE',  ( 0.0000000000000000000, 0.0000000000000000000, -1.000000000000000000 ) ) ;
#529 = AXIS2_PLACEMENT_3D ( 'NONE', #25, #668, #1305 ) ;
#530 = CIRCLE ( 'NONE', #941, 0.1000000000000000194 ) ;
#531 = DIRECTION ( 'NONE',  ( 1.000000000000000000, 0.0000000000000000000, 0.0000000000000000000 ) ) ;
#532 = PRESENTATION_STYLE_ASSIGNMENT (( #50 ) ) ;
#533 = SURFACE_STYLE_FILL_AREA ( #6 ) ;
#534 = TOROIDAL_SURFACE ( 'NONE', #202, 0.09999999999994811650, 0.1000000000000000194 ) ;
#535 =( GEOMETRIC_REPRESENTATION_CONTEXT ( 3 ) GLOBAL_UNCERTAINTY_ASSIGNED_CONTEXT ( ( #840 ) ) GLOBAL_UNIT_ASSIGNED_CONTEXT ( ( #556, #366, #255 ) ) REPRESENTATION_CONTEXT ( 'NONE', 'WORKASPACE' ) );
#536 = DIRECTION ( 'NONE',  ( 0.0000000000000000000, 1.000000000000000000, 0.0000000000000000000 ) ) ;
#537 = ORIENTED_EDGE ( 'NONE', *, *, #1035, .F. ) ;
#538 = ORIENTED_EDGE ( 'NONE', *, *, #357, .T. ) ;
#539 = AXIS2_PLACEMENT_3D ( 'NONE', #134, #1069, #22 ) ;
#540 = DIRECTION ( 'NONE',  ( 1.000000000000000000, 1.204669080539449590E-16, 0.0000000000000000000 ) ) ;
#541 = SURFACE_STYLE_FILL_AREA ( #496 ) ;
#542 = EDGE_CURVE ( 'NONE', #899, #24, #168, .T. ) ;
#543 = CIRCLE ( 'NONE', #667, 0.7499999999999998890 ) ;
#544 = CARTESIAN_POINT ( 'NONE',  ( 7.199999999999997513, -1.270000000000052420, 0.0000000000000000000 ) ) ;
#545 = AXIS2_PLACEMENT_3D ( 'NONE', #28, #1289, #562 ) ;
#546 = UNCERTAINTY_MEASURE_WITH_UNIT (LENGTH_MEASURE( 1.000000000000000082E-05 ), #697, 'distance_accuracy_value', 'NONE');
#547 = DIRECTION ( 'NONE',  ( 0.0000000000000000000, 0.0000000000000000000, -1.000000000000000000 ) ) ;
#548 = CARTESIAN_POINT ( 'NONE',  ( 6.000000000000000000, -0.5000000000000000000, 0.0000000000000000000 ) ) ;
#549 = LINE ( 'NONE', #441, #188 ) ;
#550 = ORIENTED_EDGE ( 'NONE', *, *, #1227, .F. ) ;
#551 = AXIS2_PLACEMENT_3D ( 'NONE', #716, #510, #1357 ) ;
#552 = ORIENTED_EDGE ( 'NONE', *, *, #624, .T. ) ;
#553 = FILL_AREA_STYLE ('',( #768 ) ) ;
#554 = EDGE_LOOP ( 'NONE', ( #136, #1062, #1215, #1370, #1197 ) ) ;
#555 =( GEOMETRIC_REPRESENTATION_CONTEXT ( 3 ) GLOBAL_UNCERTAINTY_ASSIGNED_CONTEXT ( ( #1224 ) ) GLOBAL_UNIT_ASSIGNED_CONTEXT ( ( #819, #90, #1354 ) ) REPRESENTATION_CONTEXT ( 'NONE', 'WORKASPACE' ) );
#556 =( LENGTH_UNIT ( ) NAMED_UNIT ( * ) SI_UNIT ( .MILLI., .METRE. ) );
#557 = CARTESIAN_POINT ( 'NONE',  ( 7.000000000000000000, 0.6000000000000000888, 0.0000000000000000000 ) ) ;
#558 = CARTESIAN_POINT ( 'NONE',  ( 0.0000000000000000000, 0.0000000000000000000, 0.0000000000000000000 ) ) ;
#559 = FACE_OUTER_BOUND ( 'NONE', #1117, .T. ) ;
#560 = EDGE_CURVE ( 'NONE', #109, #853, #896, .T. ) ;
#561 = DIRECTION ( 'NONE',  ( -1.000000000000000000, -0.0000000000000000000, -0.0000000000000000000 ) ) ;
#562 = DIRECTION ( 'NONE',  ( 0.0000000000000000000, 0.0000000000000000000, -1.000000000000000000 ) ) ;
#563 = UNCERTAINTY_MEASURE_WITH_UNIT (LENGTH_MEASURE( 1.000000000000000082E-05 ), #987, 'distance_accuracy_value', 'NONE');
#564 = FILL_AREA_STYLE ('',( #1310 ) ) ;
#565 = STYLED_ITEM ( 'NONE', ( #532 ), #889 ) ;
#566 = FACE_OUTER_BOUND ( 'NONE', #1262, .T. ) ;
#567 =( NAMED_UNIT ( * ) PLANE_ANGLE_UNIT ( ) SI_UNIT ( $, .RADIAN. ) );
#568 = CARTESIAN_POINT ( 'NONE',  ( 1.894744111674209863, 0.0000000000000000000, 0.0000000000000000000 ) ) ;
#569 = SURFACE_STYLE_USAGE ( .BOTH. , #249 ) ;
#570 = DIRECTION ( 'NONE',  ( 0.8660254037844415942, 0.0000000000000000000, -0.4999999999999948930 ) ) ;
#571 = CLOSED_SHELL ( 'NONE', ( #177, #629, #700, #731, #814, #310, #838, #383, #402, #481, #889, #929, #707, #1012, #97, #70, #1340, #1256, #794, #297, #509, #739, #1253, #692, #911, #905, #199, #407, #457, #1366, #1146 ) ) ;
#572 = VERTEX_POINT ( 'NONE', #285 ) ;
#573 = MECHANICAL_DESIGN_GEOMETRIC_PRESENTATION_REPRESENTATION (  '', ( #1341 ), #477 ) ;
#574 = CARTESIAN_POINT ( 'NONE',  ( 7.100000000000000533, -1.169999999999999263, 0.0000000000000000000 ) ) ;
#575 = SURFACE_STYLE_USAGE ( .BOTH. , #687 ) ;
#576 = SHAPE_DEFINITION_REPRESENTATION ( #501, #742 ) ;
#577 = COLOUR_RGB ( '',0.7921568627450980005, 0.8196078431372548767, 0.9333333333333333481 ) ;
#578 = DIRECTION ( 'NONE',  ( -1.000000000000000000, -0.0000000000000000000, -0.0000000000000000000 ) ) ;
#579 = CIRCLE ( 'NONE', #157, 0.1000000000000000194 ) ;
#580 = SURFACE_STYLE_USAGE ( .BOTH. , #48 ) ;
#581 = COLOUR_RGB ( '',1.000000000000000000, 1.000000000000000000, 1.000000000000000000 ) ;
#582 = STYLED_ITEM ( 'NONE', ( #670 ), #629 ) ;
#583 = DIRECTION ( 'NONE',  ( 0.0000000000000000000, -0.0000000000000000000, 1.000000000000000000 ) ) ;
#584 = COLOUR_RGB ( '',1.000000000000000000, 1.000000000000000000, 1.000000000000000000 ) ;
#585 = CARTESIAN_POINT ( 'NONE',  ( 6.000000000000000000, 0.0000000000000000000, 0.0000000000000000000 ) ) ;
#586 = AXIS2_PLACEMENT_3D ( 'NONE', #790, #990, #250 ) ;
#587 = TOROIDAL_SURFACE ( 'NONE', #787, 0.1000000000000002554, 0.1000000000000000194 ) ;
#588 =( NAMED_UNIT ( * ) PLANE_ANGLE_UNIT ( ) SI_UNIT ( $, .RADIAN. ) );
#589 = LINE ( 'NONE', #473, #502 ) ;
#590 =( NAMED_UNIT ( * ) SI_UNIT ( $, .STERADIAN. ) SOLID_ANGLE_UNIT ( ) );
#591 = ORIENTED_EDGE ( 'NONE', *, *, #1101, .T. ) ;
#592 = DIRECTION ( 'NONE',  ( 1.000000000000000000, 1.204669080539449590E-16, 0.0000000000000000000 ) ) ;
#593 = VERTEX_POINT ( 'NONE', #1024 ) ;
#594 = EDGE_LOOP ( 'NONE', ( #837, #1020, #254, #689 ) ) ;
#595 = ORIENTED_EDGE ( 'NONE', *, *, #182, .F. ) ;
#596 = DIRECTION ( 'NONE',  ( 0.0000000000000000000, 1.224646799147353947E-16, 1.000000000000000000 ) ) ;
#597 = AXIS2_PLACEMENT_3D ( 'NONE', #351, #894, #1314 ) ;
#598 = UNCERTAINTY_MEASURE_WITH_UNIT (LENGTH_MEASURE( 1.000000000000000082E-05 ), #408, 'distance_accuracy_value', 'NONE');
#599 = DIRECTION ( 'NONE',  ( 0.0000000000000000000, 1.000000000000000000, 0.0000000000000000000 ) ) ;
#600 = AXIS2_PLACEMENT_3D ( 'NONE', #937, #303, #517 ) ;
#601 =( NAMED_UNIT ( * ) SI_UNIT ( $, .STERADIAN. ) SOLID_ANGLE_UNIT ( ) );
#602 = FILL_AREA_STYLE ('',( #727 ) ) ;
#603 = EDGE_CURVE ( 'NONE', #1233, #352, #606, .T. ) ;
#604 = SURFACE_STYLE_FILL_AREA ( #876 ) ;
#605 = MECHANICAL_DESIGN_GEOMETRIC_PRESENTATION_REPRESENTATION (  '', ( #1261 ), #124 ) ;
#606 = LINE ( 'NONE', #489, #704 ) ;
#607 = COLOUR_RGB ( '',1.000000000000000000, 1.000000000000000000, 1.000000000000000000 ) ;
#608 =( NAMED_UNIT ( * ) PLANE_ANGLE_UNIT ( ) SI_UNIT ( $, .RADIAN. ) );
#609 = COLOUR_RGB ( '',0.7921568627450980005, 0.8196078431372548767, 0.9333333333333333481 ) ;
#610 = DIRECTION ( 'NONE',  ( 1.000000000000000000, 0.0000000000000000000, 0.0000000000000000000 ) ) ;
#611 = CIRCLE ( 'NONE', #1080, 0.9499999999999998446 ) ;
#612 = EDGE_LOOP ( 'NONE', ( #975, #1153, #81, #307 ) ) ;
#613 =( LENGTH_UNIT ( ) NAMED_UNIT ( * ) SI_UNIT ( .MILLI., .METRE. ) );
#614 = UNCERTAINTY_MEASURE_WITH_UNIT (LENGTH_MEASURE( 1.000000000000000082E-05 ), #806, 'distance_accuracy_value', 'NONE');
#615 = CARTESIAN_POINT ( 'NONE',  ( 6.000000000000000000, 0.0000000000000000000, 0.9499999999999998446 ) ) ;
#616 = EDGE_CURVE ( 'NONE', #1374, #808, #878, .T. ) ;
#617 = STYLED_ITEM ( 'NONE', ( #1306 ), #1253 ) ;
#618 = SURFACE_SIDE_STYLE ('',( #948 ) ) ;
#619 = SURFACE_SIDE_STYLE ('',( #949 ) ) ;
#620 = SURFACE_STYLE_USAGE ( .BOTH. , #1141 ) ;
#621 = COLOUR_RGB ( '',1.000000000000000000, 1.000000000000000000, 1.000000000000000000 ) ;
#622 = DIRECTION ( 'NONE',  ( 0.0000000000000000000, -1.000000000000000000, 0.0000000000000000000 ) ) ;
#623 = CARTESIAN_POINT ( 'NONE',  ( 7.200000000000001954, 1.369999999999999440, 0.0000000000000000000 ) ) ;
#624 = EDGE_CURVE ( 'NONE', #219, #775, #346, .T. ) ;
#625 = DIRECTION ( 'NONE',  ( 1.000000000000000000, 0.0000000000000000000, 0.0000000000000000000 ) ) ;
#626 = COLOUR_RGB ( '',1.000000000000000000, 1.000000000000000000, 1.000000000000000000 ) ;
#627 = PRESENTATION_LAYER_ASSIGNMENT (  '', '', ( #1016 ) ) ;
#628 = ORIENTED_EDGE ( 'NONE', *, *, #1259, .F. ) ;
#629 = ADVANCED_FACE ( 'NONE', ( #1275 ), #1143, .T. ) ;
#630 = FACE_OUTER_BOUND ( 'NONE', #9, .T. ) ;
#631 =( NAMED_UNIT ( * ) SI_UNIT ( $, .STERADIAN. ) SOLID_ANGLE_UNIT ( ) );
#632 = ORIENTED_EDGE ( 'NONE', *, *, #673, .T. ) ;
#633 = ORIENTED_EDGE ( 'NONE', *, *, #738, .F. ) ;
#634 = DIRECTION ( 'NONE',  ( -1.000000000000000000, -0.0000000000000000000, -0.0000000000000000000 ) ) ;
#635 = SURFACE_STYLE_USAGE ( .BOTH. , #1036 ) ;
#636 = MECHANICAL_DESIGN_GEOMETRIC_PRESENTATION_REPRESENTATION (  '', ( #767 ), #1238 ) ;
#637 = PRESENTATION_LAYER_ASSIGNMENT (  '', '', ( #912 ) ) ;
#638 = DIRECTION ( 'NONE',  ( 0.0000000000000000000, 0.0000000000000000000, 1.000000000000000000 ) ) ;
#639 = SURFACE_SIDE_STYLE ('',( #1039 ) ) ;
#640 = CIRCLE ( 'NONE', #135, 0.1000000000000000194 ) ;
#641 = VECTOR ( 'NONE', #823, 1000.000000000000000 ) ;
#642 = AXIS2_PLACEMENT_3D ( 'NONE', #672, #127, #864 ) ;
#643 = PRESENTATION_STYLE_ASSIGNMENT (( #620 ) ) ;
#644 = CARTESIAN_POINT ( 'NONE',  ( 7.200000000000001954, 1.269999999999999352, 0.0000000000000000000 ) ) ;
#645 = CIRCLE ( 'NONE', #387, 0.1000000000000000194 ) ;
#646 = MECHANICAL_DESIGN_GEOMETRIC_PRESENTATION_REPRESENTATION (  '', ( #1137 ), #348 ) ;
#647 = ORIENTED_EDGE ( 'NONE', *, *, #542, .T. ) ;
#648 = ORIENTED_EDGE ( 'NONE', *, *, #1111, .F. ) ;
#649 = EDGE_CURVE ( 'NONE', #1373, #401, #1246, .T. ) ;
#650 = FILL_AREA_STYLE_COLOUR ( '', #818 ) ;
#651 = AXIS2_PLACEMENT_3D ( 'NONE', #791, #684, #480 ) ;
#652 = SURFACE_SIDE_STYLE ('',( #721 ) ) ;
#653 = PRESENTATION_STYLE_ASSIGNMENT (( #852 ) ) ;
#654 = UNCERTAINTY_MEASURE_WITH_UNIT (LENGTH_MEASURE( 1.000000000000000082E-05 ), #1322, 'distance_accuracy_value', 'NONE');
#655 = PRESENTATION_STYLE_ASSIGNMENT (( #575 ) ) ;
#656 = MECHANICAL_DESIGN_GEOMETRIC_PRESENTATION_REPRESENTATION (  '', ( #104 ), #314 ) ;
#657 = DIRECTION ( 'NONE',  ( 1.000000000000000000, 0.0000000000000000000, 0.0000000000000000000 ) ) ;
#658 = ORIENTED_EDGE ( 'NONE', *, *, #1227, .T. ) ;
#659 = ORIENTED_EDGE ( 'NONE', *, *, #191, .T. ) ;
#660 = ORIENTED_EDGE ( 'NONE', *, *, #940, .T. ) ;
#661 = VERTEX_POINT ( 'NONE', #1363 ) ;
#662 = DIRECTION ( 'NONE',  ( 1.000000000000000000, 0.0000000000000000000, 0.0000000000000000000 ) ) ;
#663 =( NAMED_UNIT ( * ) SI_UNIT ( $, .STERADIAN. ) SOLID_ANGLE_UNIT ( ) );
#664 =( GEOMETRIC_REPRESENTATION_CONTEXT ( 3 ) GLOBAL_UNCERTAINTY_ASSIGNED_CONTEXT ( ( #968 ) ) GLOBAL_UNIT_ASSIGNED_CONTEXT ( ( #376, #1214, #1323 ) ) REPRESENTATION_CONTEXT ( 'NONE', 'WORKASPACE' ) );
#665 =( NAMED_UNIT ( * ) PLANE_ANGLE_UNIT ( ) SI_UNIT ( $, .RADIAN. ) );
#666 = DIRECTION ( 'NONE',  ( 1.000000000000000000, 0.0000000000000000000, 0.0000000000000000000 ) ) ;
#667 = AXIS2_PLACEMENT_3D ( 'NONE', #733, #634, #525 ) ;
#668 = DIRECTION ( 'NONE',  ( -6.505213034913010038E-15, -1.000000000000000000, 0.0000000000000000000 ) ) ;
#669 =( NAMED_UNIT ( * ) SI_UNIT ( $, .STERADIAN. ) SOLID_ANGLE_UNIT ( ) );
#670 = PRESENTATION_STYLE_ASSIGNMENT (( #635 ) ) ;
#671 = FILL_AREA_STYLE ('',( #789 ) ) ;
#672 = CARTESIAN_POINT ( 'NONE',  ( 9.000000000000001776, 1.269999999999999352, 0.0000000000000000000 ) ) ;
#673 = EDGE_CURVE ( 'NONE', #523, #1374, #861, .T. ) ;
#674 = CARTESIAN_POINT ( 'NONE',  ( 7.200000000000001954, -1.269999999999999352, 0.0000000000000000000 ) ) ;
#675 = MECHANICAL_DESIGN_GEOMETRIC_PRESENTATION_REPRESENTATION (  '', ( #449 ), #947 ) ;
#676 = EDGE_LOOP ( 'NONE', ( #743, #138, #660, #1075 ) ) ;
#677 = CARTESIAN_POINT ( 'NONE',  ( 9.000000000000001776, -1.269999999999999352, 0.0000000000000000000 ) ) ;
#678 = CARTESIAN_POINT ( 'NONE',  ( 7.200000000000001954, 1.269999999999999352, 0.0000000000000000000 ) ) ;
#679 = CARTESIAN_POINT ( 'NONE',  ( 6.000000000000000000, 0.0000000000000000000, 0.0000000000000000000 ) ) ;
#680 = CIRCLE ( 'NONE', #1070, 0.1000000000000000194 ) ;
#681 = PRESENTATION_LAYER_ASSIGNMENT (  '', '', ( #390 ) ) ;
#682 = CARTESIAN_POINT ( 'NONE',  ( 6.000000000000000000, -0.5000000000000000000, 0.1000000000000000194 ) ) ;
#683 =( GEOMETRIC_REPRESENTATION_CONTEXT ( 3 ) GLOBAL_UNCERTAINTY_ASSIGNED_CONTEXT ( ( #913 ) ) GLOBAL_UNIT_ASSIGNED_CONTEXT ( ( #1249, #608, #725 ) ) REPRESENTATION_CONTEXT ( 'NONE', 'WORKASPACE' ) );
#684 = DIRECTION ( 'NONE',  ( -1.000000000000000000, -0.0000000000000000000, -0.0000000000000000000 ) ) ;
#685 = DIRECTION ( 'NONE',  ( 0.0000000000000000000, 0.0000000000000000000, -1.000000000000000000 ) ) ;
#686 = PRESENTATION_STYLE_ASSIGNMENT (( #456 ) ) ;
#687 = SURFACE_SIDE_STYLE ('',( #954 ) ) ;
#688 = VERTEX_POINT ( 'NONE', #1154 ) ;
#689 = ORIENTED_EDGE ( 'NONE', *, *, #357, .F. ) ;
#690 = VERTEX_POINT ( 'NONE', #1257 ) ;
#691 =( GEOMETRIC_REPRESENTATION_CONTEXT ( 3 ) GLOBAL_UNCERTAINTY_ASSIGNED_CONTEXT ( ( #434 ) ) GLOBAL_UNIT_ASSIGNED_CONTEXT ( ( #779, #353, #1092 ) ) REPRESENTATION_CONTEXT ( 'NONE', 'WORKASPACE' ) );
#692 = ADVANCED_FACE ( 'NONE', ( #117 ), #516, .T. ) ;
#693 = DIRECTION ( 'NONE',  ( 1.000000000000000000, 0.0000000000000000000, 0.0000000000000000000 ) ) ;
#694 = DIRECTION ( 'NONE',  ( -1.000000000000000000, -0.0000000000000000000, -0.0000000000000000000 ) ) ;
#695 = UNCERTAINTY_MEASURE_WITH_UNIT (LENGTH_MEASURE( 1.000000000000000082E-05 ), #1081, 'distance_accuracy_value', 'NONE');
#696 =( NAMED_UNIT ( * ) PLANE_ANGLE_UNIT ( ) SI_UNIT ( $, .RADIAN. ) );
#697 =( LENGTH_UNIT ( ) NAMED_UNIT ( * ) SI_UNIT ( .MILLI., .METRE. ) );
#698 = COLOUR_RGB ( '',1.000000000000000000, 1.000000000000000000, 1.000000000000000000 ) ;
#699 = FILL_AREA_STYLE_COLOUR ( '', #1094 ) ;
#700 = ADVANCED_FACE ( 'NONE', ( #226 ), #723, .T. ) ;
#701 = LINE ( 'NONE', #728, #1185 ) ;
#702 = AXIS2_PLACEMENT_3D ( 'NONE', #1034, #610, #398 ) ;
#703 = CARTESIAN_POINT ( 'NONE',  ( 0.1999999999999996503, 1.163414459189985436E-16, -0.9499999999999998446 ) ) ;
#704 = VECTOR ( 'NONE', #1132, 1000.000000000000000 ) ;
#705 =( NAMED_UNIT ( * ) PLANE_ANGLE_UNIT ( ) SI_UNIT ( $, .RADIAN. ) );
#706 = LINE ( 'NONE', #773, #107 ) ;
#707 = ADVANCED_FACE ( 'NONE', ( #737, #802, #834 ), #212, .T. ) ;
#708 = ORIENTED_EDGE ( 'NONE', *, *, #542, .F. ) ;
#709 = ORIENTED_EDGE ( 'NONE', *, *, #312, .T. ) ;
#710 = ORIENTED_EDGE ( 'NONE', *, *, #79, .F. ) ;
#711 = DIRECTION ( 'NONE',  ( 1.000000000000000000, -0.0000000000000000000, 0.0000000000000000000 ) ) ;
#712 = STYLED_ITEM ( 'NONE', ( #883 ), #297 ) ;
#713 =( GEOMETRIC_REPRESENTATION_CONTEXT ( 3 ) GLOBAL_UNCERTAINTY_ASSIGNED_CONTEXT ( ( #1174 ) ) GLOBAL_UNIT_ASSIGNED_CONTEXT ( ( #1068, #759, #222 ) ) REPRESENTATION_CONTEXT ( 'NONE', 'WORKASPACE' ) );
#714 = DIRECTION ( 'NONE',  ( 0.0000000000000000000, 0.0000000000000000000, -1.000000000000000000 ) ) ;
#715 = UNCERTAINTY_MEASURE_WITH_UNIT (LENGTH_MEASURE( 1.000000000000000082E-05 ), #734, 'distance_accuracy_value', 'NONE');
#716 = CARTESIAN_POINT ( 'NONE',  ( 7.199999999999997513, 1.270000000000052420, 0.0000000000000000000 ) ) ;
#717 = CARTESIAN_POINT ( 'NONE',  ( 6.000000000000000000, 0.5000000000000000000, -0.1000000000000000194 ) ) ;
#718 = PRESENTATION_STYLE_ASSIGNMENT (( #926 ) ) ;
#719 = EDGE_CURVE ( 'NONE', #775, #121, #1110, .T. ) ;
#720 =( NAMED_UNIT ( * ) PLANE_ANGLE_UNIT ( ) SI_UNIT ( $, .RADIAN. ) );
#721 = SURFACE_STYLE_FILL_AREA ( #13 ) ;
#722 = AXIS2_PLACEMENT_3D ( 'NONE', #1115, #888, #256 ) ;
#723 = CYLINDRICAL_SURFACE ( 'NONE', #1163, 0.1000000000000000194 ) ;
#724 = COLOUR_RGB ( '',1.000000000000000000, 1.000000000000000000, 1.000000000000000000 ) ;
#725 =( NAMED_UNIT ( * ) SI_UNIT ( $, .STERADIAN. ) SOLID_ANGLE_UNIT ( ) );
#726 = ORIENTED_EDGE ( 'NONE', *, *, #1245, .T. ) ;
#727 = FILL_AREA_STYLE_COLOUR ( '', #471 ) ;
#728 = CARTESIAN_POINT ( 'NONE',  ( 3.800000000000000266, 1.347111479062088010E-16, 1.099999999999999645 ) ) ;
#729 = CARTESIAN_POINT ( 'NONE',  ( 6.000000000000000000, 0.0000000000000000000, 0.0000000000000000000 ) ) ;
#730 = PRESENTATION_LAYER_ASSIGNMENT (  '', '', ( #449 ) ) ;
#731 = ADVANCED_FACE ( 'NONE', ( #216 ), #752, .T. ) ;
#732 = AXIS2_PLACEMENT_3D ( 'NONE', #355, #341, #1285 ) ;
#733 = CARTESIAN_POINT ( 'NONE',  ( 0.0000000000000000000, 0.0000000000000000000, 0.0000000000000000000 ) ) ;
#734 =( LENGTH_UNIT ( ) NAMED_UNIT ( * ) SI_UNIT ( .MILLI., .METRE. ) );
#735 = COLOUR_RGB ( '',1.000000000000000000, 1.000000000000000000, 1.000000000000000000 ) ;
#736 = PRODUCT_CONTEXT ( 'NONE', #527, 'mechanical' ) ;
#737 = FACE_BOUND ( 'NONE', #1041, .T. ) ;
#738 = EDGE_CURVE ( 'NONE', #523, #869, #1091, .T. ) ;
#739 = ADVANCED_FACE ( 'NONE', ( #116 ), #1272, .T. ) ;
#740 =( LENGTH_UNIT ( ) NAMED_UNIT ( * ) SI_UNIT ( .MILLI., .METRE. ) );
#741 = STYLED_ITEM ( 'NONE', ( #859 ), #814 ) ;
#742 = ADVANCED_BREP_SHAPE_REPRESENTATION ( 'AB26TRB-32.768KHZ-T', ( #377, #15 ), #106 ) ;
#743 = ORIENTED_EDGE ( 'NONE', *, *, #30, .F. ) ;
#744 = ORIENTED_EDGE ( 'NONE', *, *, #738, .T. ) ;
#745 = ORIENTED_EDGE ( 'NONE', *, *, #1135, .F. ) ;
#746 = EDGE_CURVE ( 'NONE', #1233, #1234, #425, .T. ) ;
#747 = FILL_AREA_STYLE ('',( #1241 ) ) ;
#748 = AXIS2_PLACEMENT_3D ( 'NONE', #416, #103, #412 ) ;
#749 = PRESENTATION_STYLE_ASSIGNMENT (( #392 ) ) ;
#750 = PRODUCT_CONTEXT ( 'NONE', #1052, 'mechanical' ) ;
#751 = FILL_AREA_STYLE ('',( #1167 ) ) ;
#752 = CYLINDRICAL_SURFACE ( 'NONE', #993, 0.1000000000000000472 ) ;
#753 = AXIS2_PLACEMENT_3D ( 'NONE', #1209, #49, #37 ) ;
#754 = DIRECTION ( 'NONE',  ( 0.0000000000000000000, 1.000000000000000000, 0.0000000000000000000 ) ) ;
#755 = CIRCLE ( 'NONE', #266, 0.1000000000000000194 ) ;
#756 = AXIS2_PLACEMENT_3D ( 'NONE', #920, #488, #714 ) ;
#757 = VERTEX_POINT ( 'NONE', #1074 ) ;
#758 = ORIENTED_EDGE ( 'NONE', *, *, #497, .F. ) ;
#759 =( NAMED_UNIT ( * ) PLANE_ANGLE_UNIT ( ) SI_UNIT ( $, .RADIAN. ) );
#760 = EDGE_CURVE ( 'NONE', #774, #1293, #1142, .T. ) ;
#761 = MECHANICAL_DESIGN_GEOMETRIC_PRESENTATION_REPRESENTATION (  '', ( #924 ), #1279 ) ;
#762 = DIRECTION ( 'NONE',  ( 1.000000000000000000, 0.0000000000000000000, 0.0000000000000000000 ) ) ;
#763 = CARTESIAN_POINT ( 'NONE',  ( 5.800000000000000711, 1.347111479062088257E-16, -1.099999999999999867 ) ) ;
#764 = CARTESIAN_POINT ( 'NONE',  ( 6.000000000000000000, 0.0000000000000000000, 0.9499999999999998446 ) ) ;
#765 = SURFACE_SIDE_STYLE ('',( #845 ) ) ;
#766 = VECTOR ( 'NONE', #1343, 1000.000000000000000 ) ;
#767 = STYLED_ITEM ( 'NONE', ( #440 ), #509 ) ;
#768 = FILL_AREA_STYLE_COLOUR ( '', #129 ) ;
#769 = UNCERTAINTY_MEASURE_WITH_UNIT (LENGTH_MEASURE( 1.000000000000000082E-05 ), #204, 'distance_accuracy_value', 'NONE');
#770 = DIRECTION ( 'NONE',  ( -1.000000000000000000, -0.0000000000000000000, -0.0000000000000000000 ) ) ;
#771 = ORIENTED_EDGE ( 'NONE', *, *, #1171, .F. ) ;
#772 = VERTEX_POINT ( 'NONE', #227 ) ;
#773 = CARTESIAN_POINT ( 'NONE',  ( 3.800000000000000266, 0.0000000000000000000, -1.099999999999999645 ) ) ;
#774 = VERTEX_POINT ( 'NONE', #426 ) ;
#775 = VERTEX_POINT ( 'NONE', #16 ) ;
#776 = SURFACE_STYLE_USAGE ( .BOTH. , #32 ) ;
#777 = DIRECTION ( 'NONE',  ( 1.000000000000000000, 0.0000000000000000000, 0.0000000000000000000 ) ) ;
#778 = PRESENTATION_LAYER_ASSIGNMENT (  '', '', ( #712 ) ) ;
#779 =( LENGTH_UNIT ( ) NAMED_UNIT ( * ) SI_UNIT ( .MILLI., .METRE. ) );
#780 = FILL_AREA_STYLE ('',( #235 ) ) ;
#781 = FACE_OUTER_BOUND ( 'NONE', #505, .T. ) ;
#782 = CARTESIAN_POINT ( 'NONE',  ( 3.800000000000000266, 0.0000000000000000000, 0.0000000000000000000 ) ) ;
#783 = FILL_AREA_STYLE ('',( #375 ) ) ;
#784 = EDGE_CURVE ( 'NONE', #688, #900, #640, .T. ) ;
#785 = SURFACE_STYLE_FILL_AREA ( #1300 ) ;
#786 = FACE_OUTER_BOUND ( 'NONE', #676, .T. ) ;
#787 = AXIS2_PLACEMENT_3D ( 'NONE', #171, #914, #506 ) ;
#788 = ORIENTED_EDGE ( 'NONE', *, *, #760, .F. ) ;
#789 = FILL_AREA_STYLE_COLOUR ( '', #1157 ) ;
#790 = CARTESIAN_POINT ( 'NONE',  ( 9.000000000000001776, 1.269999999999999352, 0.0000000000000000000 ) ) ;
#791 = CARTESIAN_POINT ( 'NONE',  ( 1.894744111674209863, 0.0000000000000000000, 0.0000000000000000000 ) ) ;
#792 = FILL_AREA_STYLE_COLOUR ( '', #183 ) ;
#793 = CARTESIAN_POINT ( 'NONE',  ( 0.1999999999999996503, 9.184850993605148438E-17, 0.7499999999999998890 ) ) ;
#794 = ADVANCED_FACE ( 'NONE', ( #58 ), #115, .T. ) ;
#795 =( GEOMETRIC_REPRESENTATION_CONTEXT ( 3 ) GLOBAL_UNCERTAINTY_ASSIGNED_CONTEXT ( ( #1073 ) ) GLOBAL_UNIT_ASSIGNED_CONTEXT ( ( #904, #264, #476 ) ) REPRESENTATION_CONTEXT ( 'NONE', 'WORKASPACE' ) );
#796 = LINE ( 'NONE', #336, #1051 ) ;
#797 = DIRECTION ( 'NONE',  ( 0.0000000000000000000, 0.0000000000000000000, -1.000000000000000000 ) ) ;
#798 = CARTESIAN_POINT ( 'NONE',  ( 6.999999999999999112, -0.5000000000000000000, 0.0000000000000000000 ) ) ;
#799 = DIRECTION ( 'NONE',  ( 0.0000000000000000000, 0.0000000000000000000, 1.000000000000000000 ) ) ;
#800 = CIRCLE ( 'NONE', #1, 0.9499999999999998446 ) ;
#801 = FILL_AREA_STYLE ('',( #1183 ) ) ;
#802 = FACE_BOUND ( 'NONE', #403, .T. ) ;
#803 = PLANE ( 'NONE',  #1228 ) ;
#804 = SURFACE_STYLE_USAGE ( .BOTH. , #1337 ) ;
#805 = FACE_OUTER_BOUND ( 'NONE', #231, .T. ) ;
#806 =( LENGTH_UNIT ( ) NAMED_UNIT ( * ) SI_UNIT ( .MILLI., .METRE. ) );
#807 = STYLED_ITEM ( 'NONE', ( #1028 ), #199 ) ;
#808 = VERTEX_POINT ( 'NONE', #1277 ) ;
#809 = VERTEX_POINT ( 'NONE', #430 ) ;
#810 = ORIENTED_EDGE ( 'NONE', *, *, #236, .F. ) ;
#811 = EDGE_LOOP ( 'NONE', ( #1177, #1336 ) ) ;
#812 = AXIS2_PLACEMENT_3D ( 'NONE', #798, #827, #269 ) ;
#813 = SURFACE_SIDE_STYLE ('',( #436 ) ) ;
#814 = ADVANCED_FACE ( 'NONE', ( #495 ), #1242, .T. ) ;
#815 = DIRECTION ( 'NONE',  ( 1.000000000000000000, 0.0000000000000000000, 0.0000000000000000000 ) ) ;
#816 = CONICAL_SURFACE ( 'NONE', #99, 1.099999999999999645, 0.5235987755982929315 ) ;
#817 = MECHANICAL_DESIGN_GEOMETRIC_PRESENTATION_REPRESENTATION (  '', ( #582 ), #1308 ) ;
#818 = COLOUR_RGB ( '',1.000000000000000000, 1.000000000000000000, 1.000000000000000000 ) ;
#819 =( LENGTH_UNIT ( ) NAMED_UNIT ( * ) SI_UNIT ( .MILLI., .METRE. ) );
#820 = VECTOR ( 'NONE', #1066, 1000.000000000000000 ) ;
#821 =( NAMED_UNIT ( * ) SI_UNIT ( $, .STERADIAN. ) SOLID_ANGLE_UNIT ( ) );
#822 = ORIENTED_EDGE ( 'NONE', *, *, #324, .F. ) ;
#823 = DIRECTION ( 'NONE',  ( 1.000000000000000000, 0.0000000000000000000, 0.0000000000000000000 ) ) ;
#824 = STYLED_ITEM ( 'NONE', ( #1018 ), #97 ) ;
#825 = AXIS2_PLACEMENT_3D ( 'NONE', #1025, #622, #1243 ) ;
#826 = CARTESIAN_POINT ( 'NONE',  ( 7.100000000000000533, -0.6000000000000007550, -0.1000000000000000194 ) ) ;
#827 = DIRECTION ( 'NONE',  ( 1.000000000000000000, 0.0000000000000000000, 0.0000000000000000000 ) ) ;
#828 =( NAMED_UNIT ( * ) SI_UNIT ( $, .STERADIAN. ) SOLID_ANGLE_UNIT ( ) );
#829 = CIRCLE ( 'NONE', #1005, 0.1000000000000000194 ) ;
#830 = DIRECTION ( 'NONE',  ( 1.000000000000000000, 0.0000000000000000000, 0.0000000000000000000 ) ) ;
#831 =( NAMED_UNIT ( * ) SI_UNIT ( $, .STERADIAN. ) SOLID_ANGLE_UNIT ( ) );
#832 = EDGE_CURVE ( 'NONE', #757, #572, #951, .T. ) ;
#833 = DIRECTION ( 'NONE',  ( 1.000000000000000000, 0.0000000000000000000, 0.0000000000000000000 ) ) ;
#834 = FACE_OUTER_BOUND ( 'NONE', #431, .T. ) ;
#835 = SURFACE_STYLE_FILL_AREA ( #72 ) ;
#836 = DIRECTION ( 'NONE',  ( 0.0000000000000000000, 0.0000000000000000000, -1.000000000000000000 ) ) ;
#837 = ORIENTED_EDGE ( 'NONE', *, *, #917, .T. ) ;
#838 = ADVANCED_FACE ( 'NONE', ( #781 ), #315, .T. ) ;
#839 = VERTEX_POINT ( 'NONE', #682 ) ;
#840 = UNCERTAINTY_MEASURE_WITH_UNIT (LENGTH_MEASURE( 1.000000000000000082E-05 ), #556, 'distance_accuracy_value', 'NONE');
#841 = VERTEX_POINT ( 'NONE', #989 ) ;
#842 = EDGE_LOOP ( 'NONE', ( #1280, #659, #1339, #628, #417 ) ) ;
#843 = PRESENTATION_LAYER_ASSIGNMENT (  '', '', ( #1341 ) ) ;
#844 = STYLED_ITEM ( 'NONE', ( #1003 ), #1340 ) ;
#845 = SURFACE_STYLE_FILL_AREA ( #564 ) ;
#846 = FACE_OUTER_BOUND ( 'NONE', #253, .T. ) ;
#847 =( GEOMETRIC_REPRESENTATION_CONTEXT ( 3 ) GLOBAL_UNCERTAINTY_ASSIGNED_CONTEXT ( ( #77 ) ) GLOBAL_UNIT_ASSIGNED_CONTEXT ( ( #1180, #986, #1084 ) ) REPRESENTATION_CONTEXT ( 'NONE', 'WORKASPACE' ) );
#848 = FILL_AREA_STYLE_COLOUR ( '', #1159 ) ;
#849 = STYLED_ITEM ( 'NONE', ( #942 ), #838 ) ;
#850 = FACE_OUTER_BOUND ( 'NONE', #273, .T. ) ;
#851 = SURFACE_STYLE_FILL_AREA ( #780 ) ;
#852 = SURFACE_STYLE_USAGE ( .BOTH. , #1284 ) ;
#853 = VERTEX_POINT ( 'NONE', #1086 ) ;
#854 = UNCERTAINTY_MEASURE_WITH_UNIT (LENGTH_MEASURE( 1.000000000000000082E-05 ), #1204, 'distance_accuracy_value', 'NONE');
#855 = EDGE_CURVE ( 'NONE', #885, #775, #245, .T. ) ;
#856 = CARTESIAN_POINT ( 'NONE',  ( 7.100000000000000533, 1.169999999999999263, 0.0000000000000000000 ) ) ;
#857 = PRESENTATION_LAYER_ASSIGNMENT (  '', '', ( #985 ) ) ;
#858 =( NAMED_UNIT ( * ) PLANE_ANGLE_UNIT ( ) SI_UNIT ( $, .RADIAN. ) );
#859 = PRESENTATION_STYLE_ASSIGNMENT (( #363 ) ) ;
#860 = STYLED_ITEM ( 'NONE', ( #1145 ), #407 ) ;
#861 = CIRCLE ( 'NONE', #31, 0.9499999999999998446 ) ;
#862 = DIRECTION ( 'NONE',  ( 0.0000000000000000000, 0.0000000000000000000, -1.000000000000000000 ) ) ;
#863 = PRODUCT ( 'AB26TRB-32.768KHZ-T', 'AB26TRB-32.768KHZ-T', '', ( #736 ) ) ;
#864 = DIRECTION ( 'NONE',  ( 0.0000000000000000000, 0.0000000000000000000, -1.000000000000000000 ) ) ;
#865 = ORIENTED_EDGE ( 'NONE', *, *, #293, .F. ) ;
#866 = ORIENTED_EDGE ( 'NONE', *, *, #1326, .T. ) ;
#867 = ORIENTED_EDGE ( 'NONE', *, *, #1236, .T. ) ;
#868 = DIRECTION ( 'NONE',  ( 0.0000000000000000000, 0.0000000000000000000, -1.000000000000000000 ) ) ;
#869 = VERTEX_POINT ( 'NONE', #1187 ) ;
#870 = MECHANICAL_DESIGN_GEOMETRIC_PRESENTATION_REPRESENTATION (  '', ( #824 ), #221 ) ;
#871 = DIRECTION ( 'NONE',  ( 0.0000000000000000000, 1.000000000000000000, 0.0000000000000000000 ) ) ;
#872 = AXIS2_PLACEMENT_3D ( 'NONE', #2, #1369, #108 ) ;
#873 = SURFACE_STYLE_FILL_AREA ( #1211 ) ;
#874 = CARTESIAN_POINT ( 'NONE',  ( 5.800000000000000711, 0.9499999999999998446, 0.0000000000000000000 ) ) ;
#875 = VECTOR ( 'NONE', #592, 1000.000000000000000 ) ;
#876 = FILL_AREA_STYLE ('',( #984 ) ) ;
#877 = DIRECTION ( 'NONE',  ( 0.0000000000000000000, 0.0000000000000000000, -1.000000000000000000 ) ) ;
#878 = LINE ( 'NONE', #916, #766 ) ;
#879 = CARTESIAN_POINT ( 'NONE',  ( 7.100000000000000533, -0.6000000000000007550, 0.0000000000000000000 ) ) ;
#880 = MECHANICAL_DESIGN_GEOMETRIC_PRESENTATION_REPRESENTATION (  '', ( #1148 ), #969 ) ;
#881 = CYLINDRICAL_SURFACE ( 'NONE', #1282, 0.1000000000000000194 ) ;
#882 = SURFACE_SIDE_STYLE ('',( #1258 ) ) ;
#883 = PRESENTATION_STYLE_ASSIGNMENT (( #1071 ) ) ;
#884 = ORIENTED_EDGE ( 'NONE', *, *, #79, .T. ) ;
#885 = VERTEX_POINT ( 'NONE', #243 ) ;
#886 = DIRECTION ( 'NONE',  ( 0.0000000000000000000, 0.0000000000000000000, 1.000000000000000000 ) ) ;
#887 = CARTESIAN_POINT ( 'NONE',  ( 3.800000000000000266, 0.0000000000000000000, -1.099999999999999645 ) ) ;
#888 = DIRECTION ( 'NONE',  ( 0.0000000000000000000, -1.000000000000000000, 0.0000000000000000000 ) ) ;
#889 = ADVANCED_FACE ( 'NONE', ( #566 ), #1271, .T. ) ;
#890 = STYLED_ITEM ( 'NONE', ( #1042 ), #70 ) ;
#891 =( NAMED_UNIT ( * ) PLANE_ANGLE_UNIT ( ) SI_UNIT ( $, .RADIAN. ) );
#892 = AXIS2_PLACEMENT_3D ( 'NONE', #29, #770, #972 ) ;
#893 = DIRECTION ( 'NONE',  ( 0.0000000000000000000, 1.000000000000000000, -1.224646799147353207E-16 ) ) ;
#894 = DIRECTION ( 'NONE',  ( 0.0000000000000000000, -1.000000000000000000, 0.0000000000000000000 ) ) ;
#895 = DIRECTION ( 'NONE',  ( 1.000000000000000000, 0.0000000000000000000, 0.0000000000000000000 ) ) ;
#896 = CIRCLE ( 'NONE', #702, 0.9499999999999998446 ) ;
#897 = CARTESIAN_POINT ( 'NONE',  ( 7.200000000000001954, -1.369999999999999440, 1.224646799147353423E-17 ) ) ;
#898 = MECHANICAL_DESIGN_GEOMETRIC_PRESENTATION_REPRESENTATION (  '', ( #74 ), #961 ) ;
#899 = VERTEX_POINT ( 'NONE', #979 ) ;
#900 = VERTEX_POINT ( 'NONE', #45 ) ;
#901 = CARTESIAN_POINT ( 'NONE',  ( 7.199999999999997513, 1.270000000000052420, 0.0000000000000000000 ) ) ;
#902 = EDGE_LOOP ( 'NONE', ( #111, #978, #552, #1371, #758 ) ) ;
#903 = VERTEX_POINT ( 'NONE', #557 ) ;
#904 =( LENGTH_UNIT ( ) NAMED_UNIT ( * ) SI_UNIT ( .MILLI., .METRE. ) );
#905 = ADVANCED_FACE ( 'NONE', ( #1327 ), #988, .T. ) ;
#906 = FILL_AREA_STYLE ('',( #367 ) ) ;
#907 = DIRECTION ( 'NONE',  ( 0.0000000000000000000, 0.0000000000000000000, 1.000000000000000000 ) ) ;
#908 = DIRECTION ( 'NONE',  ( 0.0000000000000000000, 0.0000000000000000000, 1.000000000000000000 ) ) ;
#909 = AXIS2_PLACEMENT_3D ( 'NONE', #1312, #338, #1077 ) ;
#910 = DIRECTION ( 'NONE',  ( 0.0000000000000000000, -1.000000000000000000, 0.0000000000000000000 ) ) ;
#911 = ADVANCED_FACE ( 'NONE', ( #846 ), #803, .T. ) ;
#912 = STYLED_ITEM ( 'NONE', ( #379 ), #1366 ) ;
#913 = UNCERTAINTY_MEASURE_WITH_UNIT (LENGTH_MEASURE( 1.000000000000000082E-05 ), #1249, 'distance_accuracy_value', 'NONE');
#914 = DIRECTION ( 'NONE',  ( -0.0000000000000000000, -0.0000000000000000000, -1.000000000000000000 ) ) ;
#915 = DIRECTION ( 'NONE',  ( 1.000000000000000000, 0.0000000000000000000, 0.0000000000000000000 ) ) ;
#916 = CARTESIAN_POINT ( 'NONE',  ( 6.000000000000000000, 1.163414459189985436E-16, -0.9499999999999998446 ) ) ;
#917 = EDGE_CURVE ( 'NONE', #853, #109, #800, .T. ) ;
#918 = ORIENTED_EDGE ( 'NONE', *, *, #1101, .F. ) ;
#919 =( GEOMETRIC_REPRESENTATION_CONTEXT ( 3 ) GLOBAL_UNCERTAINTY_ASSIGNED_CONTEXT ( ( #695 ) ) GLOBAL_UNIT_ASSIGNED_CONTEXT ( ( #1081, #1296, #443 ) ) REPRESENTATION_CONTEXT ( 'NONE', 'WORKASPACE' ) );
#920 = CARTESIAN_POINT ( 'NONE',  ( 6.000000000000000000, 0.0000000000000000000, 0.0000000000000000000 ) ) ;
#921 = CARTESIAN_POINT ( 'NONE',  ( 0.0000000000000000000, 0.0000000000000000000, 0.0000000000000000000 ) ) ;
#922 = SURFACE_STYLE_USAGE ( .BOTH. , #278 ) ;
#923 = FACE_OUTER_BOUND ( 'NONE', #980, .T. ) ;
#924 = STYLED_ITEM ( 'NONE', ( #34 ), #911 ) ;
#925 = PLANE ( 'NONE',  #369 ) ;
#926 = SURFACE_STYLE_USAGE ( .BOTH. , #263 ) ;
#927 = FILL_AREA_STYLE_COLOUR ( '', #1009 ) ;
#928 = SURFACE_STYLE_FILL_AREA ( #801 ) ;
#929 = ADVANCED_FACE ( 'NONE', ( #1038 ), #382, .T. ) ;
#930 = CARTESIAN_POINT ( 'NONE',  ( 3.800000000000000266, 0.0000000000000000000, 0.0000000000000000000 ) ) ;
#931 = ORIENTED_EDGE ( 'NONE', *, *, #312, .F. ) ;
#932 = DIRECTION ( 'NONE',  ( 1.000000000000000000, 1.204669080539449590E-16, 0.0000000000000000000 ) ) ;
#933 = PRESENTATION_LAYER_ASSIGNMENT (  '', '', ( #860 ) ) ;
#934 = ORIENTED_EDGE ( 'NONE', *, *, #437, .F. ) ;
#935 = UNCERTAINTY_MEASURE_WITH_UNIT (LENGTH_MEASURE( 1.000000000000000082E-05 ), #82, 'distance_accuracy_value', 'NONE');
#936 = MECHANICAL_DESIGN_GEOMETRIC_PRESENTATION_REPRESENTATION (  '', ( #844 ), #555 ) ;
#937 = CARTESIAN_POINT ( 'NONE',  ( 6.999999999999999112, -0.5000000000000000000, 0.0000000000000000000 ) ) ;
#938 =( NAMED_UNIT ( * ) PLANE_ANGLE_UNIT ( ) SI_UNIT ( $, .RADIAN. ) );
#939 = TOROIDAL_SURFACE ( 'NONE', #271, 0.09999999999994811650, 0.1000000000000000194 ) ;
#940 = EDGE_CURVE ( 'NONE', #593, #1338, #281, .T. ) ;
#941 = AXIS2_PLACEMENT_3D ( 'NONE', #1049, #1192, #797 ) ;
#942 = PRESENTATION_STYLE_ASSIGNMENT (( #776 ) ) ;
#943 = FACE_OUTER_BOUND ( 'NONE', #902, .T. ) ;
#944 = ORIENTED_EDGE ( 'NONE', *, *, #855, .F. ) ;
#945 = EDGE_CURVE ( 'NONE', #1297, #661, #965, .T. ) ;
#946 = ORIENTED_EDGE ( 'NONE', *, *, #967, .F. ) ;
#947 =( GEOMETRIC_REPRESENTATION_CONTEXT ( 3 ) GLOBAL_UNCERTAINTY_ASSIGNED_CONTEXT ( ( #769 ) ) GLOBAL_UNIT_ASSIGNED_CONTEXT ( ( #204, #938, #631 ) ) REPRESENTATION_CONTEXT ( 'NONE', 'WORKASPACE' ) );
#948 = SURFACE_STYLE_FILL_AREA ( #1032 ) ;
#949 = SURFACE_STYLE_FILL_AREA ( #906 ) ;
#950 = FILL_AREA_STYLE ('',( #123 ) ) ;
#951 = LINE ( 'NONE', #465, #1345 ) ;
#952 = DIRECTION ( 'NONE',  ( -1.000000000000000000, -0.0000000000000000000, -0.0000000000000000000 ) ) ;
#953 =( GEOMETRIC_REPRESENTATION_CONTEXT ( 3 ) GLOBAL_UNCERTAINTY_ASSIGNED_CONTEXT ( ( #1010 ) ) GLOBAL_UNIT_ASSIGNED_CONTEXT ( ( #61, #156, #368 ) ) REPRESENTATION_CONTEXT ( 'NONE', 'WORKASPACE' ) );
#954 = SURFACE_STYLE_FILL_AREA ( #783 ) ;
#955 = ORIENTED_EDGE ( 'NONE', *, *, #746, .F. ) ;
#956 = ORIENTED_EDGE ( 'NONE', *, *, #1184, .T. ) ;
#957 = ORIENTED_EDGE ( 'NONE', *, *, #182, .T. ) ;
#958 = EDGE_CURVE ( 'NONE', #853, #230, #4, .T. ) ;
#959 = CARTESIAN_POINT ( 'NONE',  ( 0.1999999999999996503, 0.0000000000000000000, 0.0000000000000000000 ) ) ;
#960 =( NAMED_UNIT ( * ) SI_UNIT ( $, .STERADIAN. ) SOLID_ANGLE_UNIT ( ) );
#961 =( GEOMETRIC_REPRESENTATION_CONTEXT ( 3 ) GLOBAL_UNCERTAINTY_ASSIGNED_CONTEXT ( ( #1050 ) ) GLOBAL_UNIT_ASSIGNED_CONTEXT ( ( #474, #1321, #470 ) ) REPRESENTATION_CONTEXT ( 'NONE', 'WORKASPACE' ) );
#962 = DIRECTION ( 'NONE',  ( 1.000000000000000000, 0.0000000000000000000, 0.0000000000000000000 ) ) ;
#963 = CIRCLE ( 'NONE', #732, 0.1000000000000000194 ) ;
#964 = DIRECTION ( 'NONE',  ( 0.0000000000000000000, 0.0000000000000000000, 1.000000000000000000 ) ) ;
#965 = LINE ( 'NONE', #197, #1087 ) ;
#966 = DIRECTION ( 'NONE',  ( 1.000000000000000000, 0.0000000000000000000, 0.0000000000000000000 ) ) ;
#967 = EDGE_CURVE ( 'NONE', #109, #774, #701, .T. ) ;
#968 = UNCERTAINTY_MEASURE_WITH_UNIT (LENGTH_MEASURE( 1.000000000000000082E-05 ), #376, 'distance_accuracy_value', 'NONE');
#969 =( GEOMETRIC_REPRESENTATION_CONTEXT ( 3 ) GLOBAL_UNCERTAINTY_ASSIGNED_CONTEXT ( ( #484 ) ) GLOBAL_UNIT_ASSIGNED_CONTEXT ( ( #1332, #588, #1325 ) ) REPRESENTATION_CONTEXT ( 'NONE', 'WORKASPACE' ) );
#970 = CONICAL_SURFACE ( 'NONE', #215, 1.099999999999999645, 0.5235987755982929315 ) ;
#971 = DIRECTION ( 'NONE',  ( -1.000000000000000000, -0.0000000000000000000, -0.0000000000000000000 ) ) ;
#972 = DIRECTION ( 'NONE',  ( 0.0000000000000000000, 0.0000000000000000000, 1.000000000000000000 ) ) ;
#973 = STYLED_ITEM ( 'NONE', ( #1105 ), #1146 ) ;
#974 = SURFACE_STYLE_USAGE ( .BOTH. , #17 ) ;
#975 = ORIENTED_EDGE ( 'NONE', *, *, #497, .T. ) ;
#976 = ORIENTED_EDGE ( 'NONE', *, *, #1022, .F. ) ;
#977 = FILL_AREA_STYLE_COLOUR ( '', #1333 ) ;
#978 = ORIENTED_EDGE ( 'NONE', *, *, #1166, .T. ) ;
#979 = CARTESIAN_POINT ( 'NONE',  ( 6.000000000000000000, -0.5000000000000000000, -0.1000000000000000194 ) ) ;
#980 = EDGE_LOOP ( 'NONE', ( #946, #504, #538, #464 ) ) ;
#981 = CARTESIAN_POINT ( 'NONE',  ( 6.000000000000000000, -0.5000000000000000000, 0.0000000000000000000 ) ) ;
#982 = MECHANICAL_DESIGN_GEOMETRIC_PRESENTATION_REPRESENTATION (  '', ( #807 ), #664 ) ;
#983 =( NAMED_UNIT ( * ) PLANE_ANGLE_UNIT ( ) SI_UNIT ( $, .RADIAN. ) );
#984 = FILL_AREA_STYLE_COLOUR ( '', #1208 ) ;
#985 = STYLED_ITEM ( 'NONE', ( #1055 ), #905 ) ;
#986 =( NAMED_UNIT ( * ) PLANE_ANGLE_UNIT ( ) SI_UNIT ( $, .RADIAN. ) );
#987 =( LENGTH_UNIT ( ) NAMED_UNIT ( * ) SI_UNIT ( .MILLI., .METRE. ) );
#988 = CYLINDRICAL_SURFACE ( 'NONE', #1065, 0.1000000000000000472 ) ;
#989 = CARTESIAN_POINT ( 'NONE',  ( 5.800000000000000711, 0.0000000000000000000, 1.099999999999999867 ) ) ;
#990 = DIRECTION ( 'NONE',  ( 1.000000000000000000, 0.0000000000000000000, 0.0000000000000000000 ) ) ;
#991 = DIRECTION ( 'NONE',  ( 0.0000000000000000000, 0.0000000000000000000, -1.000000000000000000 ) ) ;
#992 = EDGE_CURVE ( 'NONE', #900, #24, #1206, .T. ) ;
#993 = AXIS2_PLACEMENT_3D ( 'NONE', #644, #932, #536 ) ;
#994 = DIRECTION ( 'NONE',  ( 0.0000000000000000000, -1.000000000000000000, 0.0000000000000000000 ) ) ;
#995 = TOROIDAL_SURFACE ( 'NONE', #247, 0.1000000000000002554, 0.1000000000000000194 ) ;
#996 = CARTESIAN_POINT ( 'NONE',  ( 7.000000000000000000, -0.6000000000000000888, 0.0000000000000000000 ) ) ;
#997 = EDGE_LOOP ( 'NONE', ( #208, #591 ) ) ;
#998 = PLANE ( 'NONE',  #73 ) ;
#999 = CARTESIAN_POINT ( 'NONE',  ( 5.800000000000000711, 0.0000000000000000000, 0.0000000000000000000 ) ) ;
#1000 = CARTESIAN_POINT ( 'NONE',  ( 1.894744111674209863, 0.0000000000000000000, 1.099999999999999867 ) ) ;
#1001 = MECHANICAL_DESIGN_GEOMETRIC_PRESENTATION_REPRESENTATION (  '', ( #860 ), #334 ) ;
#1002 = DIRECTION ( 'NONE',  ( 0.0000000000000000000, 0.0000000000000000000, -1.000000000000000000 ) ) ;
#1003 = PRESENTATION_STYLE_ASSIGNMENT (( #395 ) ) ;
#1004 =( LENGTH_UNIT ( ) NAMED_UNIT ( * ) SI_UNIT ( .MILLI., .METRE. ) );
#1005 = AXIS2_PLACEMENT_3D ( 'NONE', #1178, #329, #547 ) ;
#1006 = VECTOR ( 'NONE', #454, 1000.000000000000000 ) ;
#1007 = SURFACE_STYLE_USAGE ( .BOTH. , #252 ) ;
#1008 = SURFACE_SIDE_STYLE ('',( #242 ) ) ;
#1009 = COLOUR_RGB ( '',1.000000000000000000, 1.000000000000000000, 1.000000000000000000 ) ;
#1010 = UNCERTAINTY_MEASURE_WITH_UNIT (LENGTH_MEASURE( 1.000000000000000082E-05 ), #61, 'distance_accuracy_value', 'NONE');
#1011 = CARTESIAN_POINT ( 'NONE',  ( 3.800000000000000266, 0.0000000000000000000, 0.0000000000000000000 ) ) ;
#1012 = ADVANCED_FACE ( 'NONE', ( #923 ), #816, .T. ) ;
#1013 = AXIS2_PLACEMENT_3D ( 'NONE', #568, #561, #55 ) ;
#1014 = PRESENTATION_STYLE_ASSIGNMENT (( #580 ) ) ;
#1015 = CARTESIAN_POINT ( 'NONE',  ( 7.100000000000000533, -0.6000000000000007550, 0.1000000000000000194 ) ) ;
#1016 = STYLED_ITEM ( 'NONE', ( #325 ), #794 ) ;
#1017 = ORIENTED_EDGE ( 'NONE', *, *, #1356, .F. ) ;
#1018 = PRESENTATION_STYLE_ASSIGNMENT (( #257 ) ) ;
#1019 = ORIENTED_EDGE ( 'NONE', *, *, #304, .F. ) ;
#1020 = ORIENTED_EDGE ( 'NONE', *, *, #967, .T. ) ;
#1021 = CARTESIAN_POINT ( 'NONE',  ( 6.000000000000000000, 1.163414459189985436E-16, -0.9499999999999998446 ) ) ;
#1022 = EDGE_CURVE ( 'NONE', #24, #688, #240, .T. ) ;
#1023 = STYLED_ITEM ( 'NONE', ( #1057 ), #707 ) ;
#1024 = CARTESIAN_POINT ( 'NONE',  ( 7.199999999999997513, 1.370000000000052287, 0.0000000000000000000 ) ) ;
#1025 = CARTESIAN_POINT ( 'NONE',  ( 0.1999999999999996503, 0.0000000000000000000, -0.7499999999999998890 ) ) ;
#1026 = CIRCLE ( 'NONE', #529, 0.1000000000000000194 ) ;
#1027 = AXIS2_PLACEMENT_3D ( 'NONE', #1295, #345, #448 ) ;
#1028 = PRESENTATION_STYLE_ASSIGNMENT (( #468 ) ) ;
#1029 = ORIENTED_EDGE ( 'NONE', *, *, #958, .T. ) ;
#1030 = ORIENTED_EDGE ( 'NONE', *, *, #832, .F. ) ;
#1031 = AXIS2_PLACEMENT_3D ( 'NONE', #126, #147, #451 ) ;
#1032 = FILL_AREA_STYLE ('',( #189 ) ) ;
#1033 =( NAMED_UNIT ( * ) PLANE_ANGLE_UNIT ( ) SI_UNIT ( $, .RADIAN. ) );
#1034 = CARTESIAN_POINT ( 'NONE',  ( 3.540192378864665645, 0.0000000000000000000, 0.0000000000000000000 ) ) ;
#1035 = EDGE_CURVE ( 'NONE', #95, #308, #543, .T. ) ;
#1036 = SURFACE_SIDE_STYLE ('',( #316 ) ) ;
#1037 = MECHANICAL_DESIGN_GEOMETRIC_PRESENTATION_REPRESENTATION (  '', ( #741 ), #228 ) ;
#1038 = FACE_OUTER_BOUND ( 'NONE', #1265, .T. ) ;
#1039 = SURFACE_STYLE_FILL_AREA ( #1260 ) ;
#1040 = FILL_AREA_STYLE_COLOUR ( '', #724 ) ;
#1041 = EDGE_LOOP ( 'NONE', ( #931, #810 ) ) ;
#1042 = PRESENTATION_STYLE_ASSIGNMENT (( #1320 ) ) ;
#1043 = DIRECTION ( 'NONE',  ( 1.000000000000000000, 0.0000000000000000000, 0.0000000000000000000 ) ) ;
#1044 = PRESENTATION_LAYER_ASSIGNMENT (  '', '', ( #1364 ) ) ;
#1045 = ORIENTED_EDGE ( 'NONE', *, *, #365, .F. ) ;
#1046 = ORIENTED_EDGE ( 'NONE', *, *, #1119, .F. ) ;
#1047 = AXIS2_PLACEMENT_3D ( 'NONE', #677, #777, #877 ) ;
#1048 = DIRECTION ( 'NONE',  ( 0.0000000000000000000, 0.0000000000000000000, 1.000000000000000000 ) ) ;
#1049 = CARTESIAN_POINT ( 'NONE',  ( 9.000000000000001776, -1.269999999999999352, 0.0000000000000000000 ) ) ;
#1050 = UNCERTAINTY_MEASURE_WITH_UNIT (LENGTH_MEASURE( 1.000000000000000082E-05 ), #474, 'distance_accuracy_value', 'NONE');
#1051 = VECTOR ( 'NONE', #666, 1000.000000000000000 ) ;
#1052 = APPLICATION_CONTEXT ( 'automotive_design' ) ;
#1053 = AXIS2_PLACEMENT_3D ( 'NONE', #130, #966, #356 ) ;
#1054 =( NAMED_UNIT ( * ) SI_UNIT ( $, .STERADIAN. ) SOLID_ANGLE_UNIT ( ) );
#1055 = PRESENTATION_STYLE_ASSIGNMENT (( #569 ) ) ;
#1056 = AXIS2_PLACEMENT_3D ( 'NONE', #856, #1169, #1268 ) ;
#1057 = PRESENTATION_STYLE_ASSIGNMENT (( #1376 ) ) ;
#1058 = CARTESIAN_POINT ( 'NONE',  ( 3.800000000000000266, 0.0000000000000000000, 0.0000000000000000000 ) ) ;
#1059 = PRESENTATION_STYLE_ASSIGNMENT (( #1218 ) ) ;
#1060 = EDGE_CURVE ( 'NONE', #903, #885, #261, .T. ) ;
#1061 = VERTEX_POINT ( 'NONE', #423 ) ;
#1062 = ORIENTED_EDGE ( 'NONE', *, *, #832, .T. ) ;
#1063 = CARTESIAN_POINT ( 'NONE',  ( 7.200000000000001954, 1.169999999999999485, 1.224646799147353423E-17 ) ) ;
#1064 = DIRECTION ( 'NONE',  ( 1.000000000000000000, 0.0000000000000000000, 0.0000000000000000000 ) ) ;
#1065 = AXIS2_PLACEMENT_3D ( 'NONE', #1134, #91, #1144 ) ;
#1066 = DIRECTION ( 'NONE',  ( -1.000000000000000000, -0.0000000000000000000, -0.0000000000000000000 ) ) ;
#1067 = PRESENTATION_LAYER_ASSIGNMENT (  '', '', ( #1261 ) ) ;
#1068 =( LENGTH_UNIT ( ) NAMED_UNIT ( * ) SI_UNIT ( .MILLI., .METRE. ) );
#1069 = DIRECTION ( 'NONE',  ( -1.000000000000000000, -0.0000000000000000000, -0.0000000000000000000 ) ) ;
#1070 = AXIS2_PLACEMENT_3D ( 'NONE', #507, #492, #1235 ) ;
#1071 = SURFACE_STYLE_USAGE ( .BOTH. , #343 ) ;
#1072 = PRESENTATION_STYLE_ASSIGNMENT (( #1254 ) ) ;
#1073 = UNCERTAINTY_MEASURE_WITH_UNIT (LENGTH_MEASURE( 1.000000000000000082E-05 ), #904, 'distance_accuracy_value', 'NONE');
#1074 = CARTESIAN_POINT ( 'NONE',  ( 6.000000000000000000, 0.5000000000000000000, 0.1000000000000000194 ) ) ;
#1075 = ORIENTED_EDGE ( 'NONE', *, *, #283, .F. ) ;
#1076 = EDGE_LOOP ( 'NONE', ( #648, #771 ) ) ;
#1077 = DIRECTION ( 'NONE',  ( 0.0000000000000000000, 0.0000000000000000000, -1.000000000000000000 ) ) ;
#1078 = ORIENTED_EDGE ( 'NONE', *, *, #746, .T. ) ;
#1079 = ORIENTED_EDGE ( 'NONE', *, *, #384, .T. ) ;
#1080 = AXIS2_PLACEMENT_3D ( 'NONE', #1190, #35, #332 ) ;
#1081 =( LENGTH_UNIT ( ) NAMED_UNIT ( * ) SI_UNIT ( .MILLI., .METRE. ) );
#1082 = CARTESIAN_POINT ( 'NONE',  ( 7.199999999999997513, -1.370000000000052287, 1.224646799147998378E-17 ) ) ;
#1083 = AXIS2_PLACEMENT_3D ( 'NONE', #999, #1202, #140 ) ;
#1084 =( NAMED_UNIT ( * ) SI_UNIT ( $, .STERADIAN. ) SOLID_ANGLE_UNIT ( ) );
#1085 = CIRCLE ( 'NONE', #460, 0.7499999999999998890 ) ;
#1086 = CARTESIAN_POINT ( 'NONE',  ( 3.540192378864665645, 0.0000000000000000000, -0.9499999999999998446 ) ) ;
#1087 = VECTOR ( 'NONE', #1140, 1000.000000000000000 ) ;
#1088 = DIRECTION ( 'NONE',  ( 0.0000000000000000000, 1.000000000000000000, 0.0000000000000000000 ) ) ;
#1089 = DIRECTION ( 'NONE',  ( 0.0000000000000000000, 0.0000000000000000000, -1.000000000000000000 ) ) ;
#1090 = PRESENTATION_LAYER_ASSIGNMENT (  '', '', ( #1023 ) ) ;
#1091 = LINE ( 'NONE', #764, #820 ) ;
#1092 =( NAMED_UNIT ( * ) SI_UNIT ( $, .STERADIAN. ) SOLID_ANGLE_UNIT ( ) );
#1093 =( NAMED_UNIT ( * ) PLANE_ANGLE_UNIT ( ) SI_UNIT ( $, .RADIAN. ) );
#1094 = COLOUR_RGB ( '',1.000000000000000000, 1.000000000000000000, 1.000000000000000000 ) ;
#1095 = DIRECTION ( 'NONE',  ( -1.000000000000000000, 0.0000000000000000000, -0.0000000000000000000 ) ) ;
#1096 = ORIENTED_EDGE ( 'NONE', *, *, #1292, .F. ) ;
#1097 =( NAMED_UNIT ( * ) SI_UNIT ( $, .STERADIAN. ) SOLID_ANGLE_UNIT ( ) );
#1098 = ORIENTED_EDGE ( 'NONE', *, *, #603, .T. ) ;
#1099 = PRODUCT_DEFINITION_CONTEXT ( 'detailed design', #302, 'design' ) ;
#1100 =( NAMED_UNIT ( * ) SI_UNIT ( $, .STERADIAN. ) SOLID_ANGLE_UNIT ( ) );
#1101 = EDGE_CURVE ( 'NONE', #234, #352, #530, .T. ) ;
#1102 =( NAMED_UNIT ( * ) PLANE_ANGLE_UNIT ( ) SI_UNIT ( $, .RADIAN. ) );
#1103 = AXIS2_PLACEMENT_3D ( 'NONE', #574, #994, #1315 ) ;
#1104 = CARTESIAN_POINT ( 'NONE',  ( 7.100000000000000533, -0.6000000000000007550, 0.1000000000000000194 ) ) ;
#1105 = PRESENTATION_STYLE_ASSIGNMENT (( #433 ) ) ;
#1106 = SURFACE_SIDE_STYLE ('',( #20 ) ) ;
#1107 =( NAMED_UNIT ( * ) PLANE_ANGLE_UNIT ( ) SI_UNIT ( $, .RADIAN. ) );
#1108 = DIRECTION ( 'NONE',  ( -1.000000000000000000, -0.0000000000000000000, -0.0000000000000000000 ) ) ;
#1109 =( NAMED_UNIT ( * ) PLANE_ANGLE_UNIT ( ) SI_UNIT ( $, .RADIAN. ) );
#1110 = CIRCLE ( 'NONE', #1056, 0.1000000000000000194 ) ;
#1111 = EDGE_CURVE ( 'NONE', #841, #66, #472, .T. ) ;
#1112 = CARTESIAN_POINT ( 'NONE',  ( 7.200000000000001066, -1.169999999999999929, 0.0000000000000000000 ) ) ;
#1113 = STYLED_ITEM ( 'NONE', ( #393 ), #1012 ) ;
#1114 = FACE_OUTER_BOUND ( 'NONE', #594, .T. ) ;
#1115 = CARTESIAN_POINT ( 'NONE',  ( 7.100000000000000533, -0.6000000000000007550, 0.0000000000000000000 ) ) ;
#1116 = ORIENTED_EDGE ( 'NONE', *, *, #422, .F. ) ;
#1117 = EDGE_LOOP ( 'NONE', ( #174, #1149, #1079, #866, #710, #428 ) ) ;
#1118 = ORIENTED_EDGE ( 'NONE', *, *, #992, .F. ) ;
#1119 = EDGE_CURVE ( 'NONE', #1373, #757, #829, .T. ) ;
#1120 =( GEOMETRIC_REPRESENTATION_CONTEXT ( 3 ) GLOBAL_UNCERTAINTY_ASSIGNED_CONTEXT ( ( #654 ) ) GLOBAL_UNIT_ASSIGNED_CONTEXT ( ( #1322, #1109, #601 ) ) REPRESENTATION_CONTEXT ( 'NONE', 'WORKASPACE' ) );
#1121 = FILL_AREA_STYLE_COLOUR ( '', #1248 ) ;
#1122 = DIRECTION ( 'NONE',  ( 0.0000000000000000000, 0.0000000000000000000, -1.000000000000000000 ) ) ;
#1123 = STYLED_ITEM ( 'NONE', ( #162 ), #1256 ) ;
#1124 = SURFACE_STYLE_FILL_AREA ( #38 ) ;
#1125 = DIRECTION ( 'NONE',  ( 1.000000000000000000, 0.0000000000000000000, 0.0000000000000000000 ) ) ;
#1126 =( LENGTH_UNIT ( ) NAMED_UNIT ( * ) SI_UNIT ( .MILLI., .METRE. ) );
#1127 = MECHANICAL_DESIGN_GEOMETRIC_PRESENTATION_REPRESENTATION (  '', ( #390 ), #19 ) ;
#1128 = COLOUR_RGB ( '',1.000000000000000000, 1.000000000000000000, 1.000000000000000000 ) ;
#1129 = PRESENTATION_LAYER_ASSIGNMENT (  '', '', ( #309 ) ) ;
#1130 = VECTOR ( 'NONE', #910, 1000.000000000000000 ) ;
#1131 = ORIENTED_EDGE ( 'NONE', *, *, #142, .T. ) ;
#1132 = DIRECTION ( 'NONE',  ( 1.000000000000000000, -1.204669080539449590E-16, 0.0000000000000000000 ) ) ;
#1133 = CARTESIAN_POINT ( 'NONE',  ( 6.999999999999999112, 0.5000000000000000000, 0.0000000000000000000 ) ) ;
#1134 = CARTESIAN_POINT ( 'NONE',  ( 7.200000000000001954, -1.269999999999999352, 0.0000000000000000000 ) ) ;
#1135 = EDGE_CURVE ( 'NONE', #308, #95, #1085, .T. ) ;
#1136 = DIRECTION ( 'NONE',  ( 0.0000000000000000000, 0.0000000000000000000, -1.000000000000000000 ) ) ;
#1137 = STYLED_ITEM ( 'NONE', ( #653 ), #731 ) ;
#1138 = FACE_OUTER_BOUND ( 'NONE', #811, .T. ) ;
#1139 = SURFACE_SIDE_STYLE ('',( #14 ) ) ;
#1140 = DIRECTION ( 'NONE',  ( 0.0000000000000000000, -1.000000000000000000, 0.0000000000000000000 ) ) ;
#1141 = SURFACE_SIDE_STYLE ('',( #169 ) ) ;
#1142 = CIRCLE ( 'NONE', #378, 1.099999999999999645 ) ;
#1143 = CYLINDRICAL_SURFACE ( 'NONE', #173, 0.1000000000000000194 ) ;
#1144 = DIRECTION ( 'NONE',  ( 0.0000000000000000000, 1.000000000000000000, 0.0000000000000000000 ) ) ;
#1145 = PRESENTATION_STYLE_ASSIGNMENT (( #1007 ) ) ;
#1146 = ADVANCED_FACE ( 'NONE', ( #54 ), #1304, .T. ) ;
#1147 = DIRECTION ( 'NONE',  ( 0.0000000000000000000, 1.000000000000000000, 0.0000000000000000000 ) ) ;
#1148 = STYLED_ITEM ( 'NONE', ( #1014 ), #377 ) ;
#1149 = ORIENTED_EDGE ( 'NONE', *, *, #53, .T. ) ;
#1150 = ORIENTED_EDGE ( 'NONE', *, *, #397, .F. ) ;
#1151 = MECHANICAL_DESIGN_GEOMETRIC_PRESENTATION_REPRESENTATION (  '', ( #1123 ), #953 ) ;
#1152 = ORIENTED_EDGE ( 'NONE', *, *, #1155, .F. ) ;
#1153 = ORIENTED_EDGE ( 'NONE', *, *, #30, .T. ) ;
#1154 = CARTESIAN_POINT ( 'NONE',  ( 6.999999999999999112, -0.5000000000000000000, 0.1000000000000000194 ) ) ;
#1155 = EDGE_CURVE ( 'NONE', #66, #1293, #493, .T. ) ;
#1156 = PRESENTATION_LAYER_ASSIGNMENT (  '', '', ( #565 ) ) ;
#1157 = COLOUR_RGB ( '',1.000000000000000000, 1.000000000000000000, 1.000000000000000000 ) ;
#1158 = FILL_AREA_STYLE ('',( #848 ) ) ;
#1159 = COLOUR_RGB ( '',1.000000000000000000, 1.000000000000000000, 1.000000000000000000 ) ;
#1160 = EDGE_CURVE ( 'NONE', #808, #869, #339, .T. ) ;
#1161 = VECTOR ( 'NONE', #694, 1000.000000000000000 ) ;
#1162 = CIRCLE ( 'NONE', #279, 0.9499999999999998446 ) ;
#1163 = AXIS2_PLACEMENT_3D ( 'NONE', #311, #1043, #528 ) ;
#1164 = ORIENTED_EDGE ( 'NONE', *, *, #719, .F. ) ;
#1165 =( LENGTH_UNIT ( ) NAMED_UNIT ( * ) SI_UNIT ( .MILLI., .METRE. ) );
#1166 = EDGE_CURVE ( 'NONE', #121, #219, #513, .T. ) ;
#1167 = FILL_AREA_STYLE_COLOUR ( '', #584 ) ;
#1168 = SURFACE_STYLE_FILL_AREA ( #85 ) ;
#1169 = DIRECTION ( 'NONE',  ( 0.0000000000000000000, 1.000000000000000000, 0.0000000000000000000 ) ) ;
#1170 = CYLINDRICAL_SURFACE ( 'NONE', #1267, 0.1000000000000000472 ) ;
#1171 = EDGE_CURVE ( 'NONE', #66, #841, #1324, .T. ) ;
#1172 = ORIENTED_EDGE ( 'NONE', *, *, #1060, .T. ) ;
#1173 = LINE ( 'NONE', #1063, #372 ) ;
#1174 = UNCERTAINTY_MEASURE_WITH_UNIT (LENGTH_MEASURE( 1.000000000000000082E-05 ), #1068, 'distance_accuracy_value', 'NONE');
#1175 = ORIENTED_EDGE ( 'NONE', *, *, #603, .F. ) ;
#1176 = FILL_AREA_STYLE_COLOUR ( '', #167 ) ;
#1177 = ORIENTED_EDGE ( 'NONE', *, *, #1035, .T. ) ;
#1178 = CARTESIAN_POINT ( 'NONE',  ( 6.000000000000000000, 0.5000000000000000000, 0.0000000000000000000 ) ) ;
#1179 = MECHANICAL_DESIGN_GEOMETRIC_PRESENTATION_REPRESENTATION (  '', ( #1016 ), #713 ) ;
#1180 =( LENGTH_UNIT ( ) NAMED_UNIT ( * ) SI_UNIT ( .MILLI., .METRE. ) );
#1181 =( NAMED_UNIT ( * ) SI_UNIT ( $, .STERADIAN. ) SOLID_ANGLE_UNIT ( ) );
#1182 = CARTESIAN_POINT ( 'NONE',  ( 7.200000000000001066, -1.169999999999999929, 0.0000000000000000000 ) ) ;
#1183 = FILL_AREA_STYLE_COLOUR ( '', #609 ) ;
#1184 = EDGE_CURVE ( 'NONE', #404, #900, #963, .T. ) ;
#1185 = VECTOR ( 'NONE', #259, 999.9999999999998863 ) ;
#1186 = AXIS2_PLACEMENT_3D ( 'NONE', #262, #1317, #908 ) ;
#1187 = CARTESIAN_POINT ( 'NONE',  ( 5.800000000000000711, 0.0000000000000000000, 0.9499999999999998446 ) ) ;
#1188 = DIRECTION ( 'NONE',  ( 0.0000000000000000000, 0.0000000000000000000, -1.000000000000000000 ) ) ;
#1189 = AXIS2_PLACEMENT_3D ( 'NONE', #1133, #1125, #84 ) ;
#1190 = CARTESIAN_POINT ( 'NONE',  ( 0.1999999999999996503, 0.0000000000000000000, 0.0000000000000000000 ) ) ;
#1191 = FACE_OUTER_BOUND ( 'NONE', #1353, .T. ) ;
#1192 = DIRECTION ( 'NONE',  ( 1.000000000000000000, -0.0000000000000000000, 0.0000000000000000000 ) ) ;
#1193 = FILL_AREA_STYLE ('',( #224 ) ) ;
#1194 = DIRECTION ( 'NONE',  ( -1.000000000000000000, -0.0000000000000000000, -0.0000000000000000000 ) ) ;
#1195 = CYLINDRICAL_SURFACE ( 'NONE', #1013, 1.099999999999999867 ) ;
#1196 = CARTESIAN_POINT ( 'NONE',  ( 6.000000000000000000, 0.5000000000000000000, 0.0000000000000000000 ) ) ;
#1197 = ORIENTED_EDGE ( 'NONE', *, *, #649, .F. ) ;
#1198 = ORIENTED_EDGE ( 'NONE', *, *, #397, .T. ) ;
#1199 = UNCERTAINTY_MEASURE_WITH_UNIT (LENGTH_MEASURE( 1.000000000000000082E-05 ), #1004, 'distance_accuracy_value', 'NONE');
#1200 = STYLED_ITEM ( 'NONE', ( #442 ), #310 ) ;
#1201 = CARTESIAN_POINT ( 'NONE',  ( 0.0000000000000000000, 0.0000000000000000000, -0.7499999999999998890 ) ) ;
#1202 = DIRECTION ( 'NONE',  ( -1.000000000000000000, -0.0000000000000000000, -0.0000000000000000000 ) ) ;
#1203 = PRESENTATION_LAYER_ASSIGNMENT (  '', '', ( #849 ) ) ;
#1204 =( LENGTH_UNIT ( ) NAMED_UNIT ( * ) SI_UNIT ( .MILLI., .METRE. ) );
#1205 = DIRECTION ( 'NONE',  ( 0.0000000000000000000, 0.0000000000000000000, 1.000000000000000000 ) ) ;
#1206 = CIRCLE ( 'NONE', #812, 0.1000000000000000194 ) ;
#1207 = EDGE_CURVE ( 'NONE', #869, #808, #1223, .T. ) ;
#1208 = COLOUR_RGB ( '',1.000000000000000000, 1.000000000000000000, 1.000000000000000000 ) ;
#1209 = CARTESIAN_POINT ( 'NONE',  ( 6.999999999999999112, 0.5000000000000000000, 0.0000000000000000000 ) ) ;
#1210 = PRESENTATION_LAYER_ASSIGNMENT (  '', '', ( #924 ) ) ;
#1211 = FILL_AREA_STYLE ('',( #260 ) ) ;
#1212 = CIRCLE ( 'NONE', #1053, 0.1000000000000000194 ) ;
#1213 = COLOUR_RGB ( '',1.000000000000000000, 1.000000000000000000, 1.000000000000000000 ) ;
#1214 =( NAMED_UNIT ( * ) PLANE_ANGLE_UNIT ( ) SI_UNIT ( $, .RADIAN. ) );
#1215 = ORIENTED_EDGE ( 'NONE', *, *, #53, .F. ) ;
#1216 = ORIENTED_EDGE ( 'NONE', *, *, #945, .T. ) ;
#1217 = EDGE_LOOP ( 'NONE', ( #550, #1250, #647, #1118, #119 ) ) ;
#1218 = SURFACE_STYLE_USAGE ( .BOTH. , #274 ) ;
#1219 = STYLED_ITEM ( 'NONE', ( #1059 ), #402 ) ;
#1220 =( GEOMETRIC_REPRESENTATION_CONTEXT ( 3 ) GLOBAL_UNCERTAINTY_ASSIGNED_CONTEXT ( ( #176 ) ) GLOBAL_UNIT_ASSIGNED_CONTEXT ( ( #613, #1349, #514 ) ) REPRESENTATION_CONTEXT ( 'NONE', 'WORKASPACE' ) );
#1221 = CARTESIAN_POINT ( 'NONE',  ( 6.999999999999999112, 0.5000000000000000000, -0.1000000000000000194 ) ) ;
#1222 = CIRCLE ( 'NONE', #1189, 0.1000000000000000194 ) ;
#1223 = CIRCLE ( 'NONE', #892, 0.9499999999999998446 ) ;
#1224 = UNCERTAINTY_MEASURE_WITH_UNIT (LENGTH_MEASURE( 1.000000000000000082E-05 ), #819, 'distance_accuracy_value', 'NONE');
#1225 = CARTESIAN_POINT ( 'NONE',  ( 7.100000000000000533, 0.6000000000000007550, 0.0000000000000000000 ) ) ;
#1226 = DIRECTION ( 'NONE',  ( 1.000000000000000000, -1.204669080539449590E-16, 0.0000000000000000000 ) ) ;
#1227 = EDGE_CURVE ( 'NONE', #839, #688, #796, .T. ) ;
#1228 = AXIS2_PLACEMENT_3D ( 'NONE', #1355, #895, #503 ) ;
#1229 = CARTESIAN_POINT ( 'NONE',  ( 0.0000000000000000000, 0.0000000000000000000, 0.0000000000000000000 ) ) ;
#1230 = CIRCLE ( 'NONE', #909, 0.1000000000000000194 ) ;
#1231 = FILL_AREA_STYLE ('',( #699 ) ) ;
#1232 = ORIENTED_EDGE ( 'NONE', *, *, #784, .T. ) ;
#1233 = VERTEX_POINT ( 'NONE', #1182 ) ;
#1234 = VERTEX_POINT ( 'NONE', #1082 ) ;
#1235 = DIRECTION ( 'NONE',  ( 0.0000000000000000000, 0.0000000000000000000, -1.000000000000000000 ) ) ;
#1236 = EDGE_CURVE ( 'NONE', #885, #690, #579, .T. ) ;
#1237 = CARTESIAN_POINT ( 'NONE',  ( 9.000000000000001776, -1.269999999999999352, 0.0000000000000000000 ) ) ;
#1238 =( GEOMETRIC_REPRESENTATION_CONTEXT ( 3 ) GLOBAL_UNCERTAINTY_ASSIGNED_CONTEXT ( ( #11 ) ) GLOBAL_UNIT_ASSIGNED_CONTEXT ( ( #494, #720, #828 ) ) REPRESENTATION_CONTEXT ( 'NONE', 'WORKASPACE' ) );
#1239 = SURFACE_SIDE_STYLE ('',( #541 ) ) ;
#1240 = CIRCLE ( 'NONE', #825, 0.1999999999999999833 ) ;
#1241 = FILL_AREA_STYLE_COLOUR ( '', #626 ) ;
#1242 = CYLINDRICAL_SURFACE ( 'NONE', #258, 0.1000000000000000194 ) ;
#1243 = DIRECTION ( 'NONE',  ( 0.0000000000000000000, 0.0000000000000000000, -1.000000000000000000 ) ) ;
#1244 = CARTESIAN_POINT ( 'NONE',  ( 7.100000000000000533, -0.6000000000000007550, 0.0000000000000000000 ) ) ;
#1245 = EDGE_CURVE ( 'NONE', #1338, #1061, #380, .T. ) ;
#1246 = LINE ( 'NONE', #313, #187 ) ;
#1247 = AXIS2_PLACEMENT_3D ( 'NONE', #185, #815, #277 ) ;
#1248 = COLOUR_RGB ( '',1.000000000000000000, 1.000000000000000000, 1.000000000000000000 ) ;
#1249 =( LENGTH_UNIT ( ) NAMED_UNIT ( * ) SI_UNIT ( .MILLI., .METRE. ) );
#1250 = ORIENTED_EDGE ( 'NONE', *, *, #236, .T. ) ;
#1251 = ORIENTED_EDGE ( 'NONE', *, *, #102, .F. ) ;
#1252 = EDGE_LOOP ( 'NONE', ( #955, #388, #96, #175, #1019 ) ) ;
#1253 = ADVANCED_FACE ( 'NONE', ( #559 ), #939, .T. ) ;
#1254 = SURFACE_STYLE_USAGE ( .BOTH. , #201 ) ;
#1255 = AXIS2_PLACEMENT_3D ( 'NONE', #585, #86, #1360 ) ;
#1256 = ADVANCED_FACE ( 'NONE', ( #1283 ), #161, .T. ) ;
#1257 = CARTESIAN_POINT ( 'NONE',  ( 7.100000000000000533, 0.6000000000000007550, -0.1000000000000000194 ) ) ;
#1258 = SURFACE_STYLE_FILL_AREA ( #1193 ) ;
#1259 = EDGE_CURVE ( 'NONE', #661, #1233, #145, .T. ) ;
#1260 = FILL_AREA_STYLE ('',( #3 ) ) ;
#1261 = STYLED_ITEM ( 'NONE', ( #217 ), #481 ) ;
#1262 = EDGE_LOOP ( 'NONE', ( #1096, #65, #1318, #633 ) ) ;
#1263 =( GEOMETRIC_REPRESENTATION_CONTEXT ( 3 ) GLOBAL_UNCERTAINTY_ASSIGNED_CONTEXT ( ( #200 ) ) GLOBAL_UNIT_ASSIGNED_CONTEXT ( ( #128, #1093, #960 ) ) REPRESENTATION_CONTEXT ( 'NONE', 'WORKASPACE' ) );
#1264 = ORIENTED_EDGE ( 'NONE', *, *, #131, .F. ) ;
#1265 = EDGE_LOOP ( 'NONE', ( #482, #446, #744, #330 ) ) ;
#1266 = SURFACE_STYLE_USAGE ( .BOTH. , #421 ) ;
#1267 = AXIS2_PLACEMENT_3D ( 'NONE', #678, #445, #1088 ) ;
#1268 = DIRECTION ( 'NONE',  ( 0.0000000000000000000, 0.0000000000000000000, -1.000000000000000000 ) ) ;
#1269 = COLOUR_RGB ( '',1.000000000000000000, 1.000000000000000000, 1.000000000000000000 ) ;
#1270 = MECHANICAL_DESIGN_GEOMETRIC_PRESENTATION_REPRESENTATION (  '', ( #973 ), #1263 ) ;
#1271 = CYLINDRICAL_SURFACE ( 'NONE', #56, 0.9499999999999998446 ) ;
#1272 = CYLINDRICAL_SURFACE ( 'NONE', #419, 0.1000000000000000194 ) ;
#1273 = DIRECTION ( 'NONE',  ( 0.0000000000000000000, 0.0000000000000000000, 1.000000000000000000 ) ) ;
#1274 = PRODUCT_DEFINITION_CONTEXT ( 'detailed design', #317, 'design' ) ;
#1275 = FACE_OUTER_BOUND ( 'NONE', #842, .T. ) ;
#1276 = EDGE_CURVE ( 'NONE', #121, #593, #452, .T. ) ;
#1277 = CARTESIAN_POINT ( 'NONE',  ( 5.800000000000000711, 1.163414459189985436E-16, -0.9499999999999998446 ) ) ;
#1278 = PRODUCT ( 'AB26TRB-32.768KHZ-T', 'AB26TRB-32.768KHZ-T', '', ( #750 ) ) ;
#1279 =( GEOMETRIC_REPRESENTATION_CONTEXT ( 3 ) GLOBAL_UNCERTAINTY_ASSIGNED_CONTEXT ( ( #546 ) ) GLOBAL_UNIT_ASSIGNED_CONTEXT ( ( #697, #1107, #831 ) ) REPRESENTATION_CONTEXT ( 'NONE', 'WORKASPACE' ) );
#1280 = ORIENTED_EDGE ( 'NONE', *, *, #324, .T. ) ;
#1281 = SURFACE_STYLE_FILL_AREA ( #153 ) ;
#1282 = AXIS2_PLACEMENT_3D ( 'NONE', #1196, #762, #246 ) ;
#1283 = FACE_OUTER_BOUND ( 'NONE', #305, .T. ) ;
#1284 = SURFACE_SIDE_STYLE ('',( #1313 ) ) ;
#1285 = DIRECTION ( 'NONE',  ( 0.0000000000000000000, 0.0000000000000000000, -1.000000000000000000 ) ) ;
#1286 = AXIS2_PLACEMENT_3D ( 'NONE', #921, #638, #830 ) ;
#1287 = COLOUR_RGB ( '',1.000000000000000000, 1.000000000000000000, 1.000000000000000000 ) ;
#1288 =( LENGTH_UNIT ( ) NAMED_UNIT ( * ) SI_UNIT ( .MILLI., .METRE. ) );
#1289 = DIRECTION ( 'NONE',  ( 1.000000000000000000, 0.0000000000000000000, 0.0000000000000000000 ) ) ;
#1290 = CARTESIAN_POINT ( 'NONE',  ( 5.800000000000000711, 0.0000000000000000000, 0.0000000000000000000 ) ) ;
#1291 = FACE_OUTER_BOUND ( 'NONE', #172, .T. ) ;
#1292 = EDGE_CURVE ( 'NONE', #1374, #523, #406, .T. ) ;
#1293 = VERTEX_POINT ( 'NONE', #887 ) ;
#1294 = COLOUR_RGB ( '',1.000000000000000000, 1.000000000000000000, 1.000000000000000000 ) ;
#1295 = CARTESIAN_POINT ( 'NONE',  ( 7.100000000000000533, 0.6000000000000007550, 0.0000000000000000000 ) ) ;
#1296 =( NAMED_UNIT ( * ) PLANE_ANGLE_UNIT ( ) SI_UNIT ( $, .RADIAN. ) );
#1297 = VERTEX_POINT ( 'NONE', #826 ) ;
#1298 = FILL_AREA_STYLE_COLOUR ( '', #735 ) ;
#1299 = PRESENTATION_LAYER_ASSIGNMENT (  '', '', ( #1137 ) ) ;
#1300 = FILL_AREA_STYLE ('',( #435 ) ) ;
#1301 = UNCERTAINTY_MEASURE_WITH_UNIT (LENGTH_MEASURE( 1.000000000000000082E-05 ), #292, 'distance_accuracy_value', 'NONE');
#1302 = FILL_AREA_STYLE_COLOUR ( '', #1294 ) ;
#1303 =( LENGTH_UNIT ( ) NAMED_UNIT ( * ) SI_UNIT ( .MILLI., .METRE. ) );
#1304 = PLANE ( 'NONE',  #1047 ) ;
#1305 = DIRECTION ( 'NONE',  ( 0.0000000000000000000, 0.0000000000000000000, -1.000000000000000000 ) ) ;
#1306 = PRESENTATION_STYLE_ASSIGNMENT (( #804 ) ) ;
#1307 = DIRECTION ( 'NONE',  ( -0.0000000000000000000, 0.0000000000000000000, 1.000000000000000000 ) ) ;
#1308 =( GEOMETRIC_REPRESENTATION_CONTEXT ( 3 ) GLOBAL_UNCERTAINTY_ASSIGNED_CONTEXT ( ( #361 ) ) GLOBAL_UNIT_ASSIGNED_CONTEXT ( ( #740, #101, #1372 ) ) REPRESENTATION_CONTEXT ( 'NONE', 'WORKASPACE' ) );
#1309 = CARTESIAN_POINT ( 'NONE',  ( 7.100000000000000533, 0.6000000000000007550, 0.1000000000000000194 ) ) ;
#1310 = FILL_AREA_STYLE_COLOUR ( '', #698 ) ;
#1311 = SURFACE_STYLE_FILL_AREA ( #553 ) ;
#1312 = CARTESIAN_POINT ( 'NONE',  ( 7.100000000000000533, -1.169999999999999263, 0.0000000000000000000 ) ) ;
#1313 = SURFACE_STYLE_FILL_AREA ( #751 ) ;
#1314 = DIRECTION ( 'NONE',  ( 0.0000000000000000000, 0.0000000000000000000, -1.000000000000000000 ) ) ;
#1315 = DIRECTION ( 'NONE',  ( 0.0000000000000000000, 0.0000000000000000000, -1.000000000000000000 ) ) ;
#1316 = CIRCLE ( 'NONE', #1319, 0.1000000000000000194 ) ;
#1317 = DIRECTION ( 'NONE',  ( -1.000000000000000000, -0.0000000000000000000, -0.0000000000000000000 ) ) ;
#1318 = ORIENTED_EDGE ( 'NONE', *, *, #1207, .F. ) ;
#1319 = AXIS2_PLACEMENT_3D ( 'NONE', #879, #241, #1089 ) ;
#1320 = SURFACE_STYLE_USAGE ( .BOTH. , #150 ) ;
#1321 =( NAMED_UNIT ( * ) PLANE_ANGLE_UNIT ( ) SI_UNIT ( $, .RADIAN. ) );
#1322 =( LENGTH_UNIT ( ) NAMED_UNIT ( * ) SI_UNIT ( .MILLI., .METRE. ) );
#1323 =( NAMED_UNIT ( * ) SI_UNIT ( $, .STERADIAN. ) SOLID_ANGLE_UNIT ( ) );
#1324 = CIRCLE ( 'NONE', #539, 1.099999999999999867 ) ;
#1325 =( NAMED_UNIT ( * ) SI_UNIT ( $, .STERADIAN. ) SOLID_ANGLE_UNIT ( ) );
#1326 = EDGE_CURVE ( 'NONE', #401, #903, #1222, .T. ) ;
#1327 = FACE_OUTER_BOUND ( 'NONE', #418, .T. ) ;
#1328 = DIRECTION ( 'NONE',  ( 0.0000000000000000000, 1.000000000000000000, 0.0000000000000000000 ) ) ;
#1329 = MECHANICAL_DESIGN_GEOMETRIC_PRESENTATION_REPRESENTATION (  '', ( #1113 ), #23 ) ;
#1330 = SURFACE_STYLE_USAGE ( .BOTH. , #1008 ) ;
#1331 = UNCERTAINTY_MEASURE_WITH_UNIT (LENGTH_MEASURE( 1.000000000000000082E-05 ), #1126, 'distance_accuracy_value', 'NONE');
#1332 =( LENGTH_UNIT ( ) NAMED_UNIT ( * ) SI_UNIT ( .MILLI., .METRE. ) );
#1333 = COLOUR_RGB ( '',1.000000000000000000, 1.000000000000000000, 1.000000000000000000 ) ;
#1334 = FILL_AREA_STYLE ('',( #1121 ) ) ;
#1335 = ORIENTED_EDGE ( 'NONE', *, *, #1166, .F. ) ;
#1336 = ORIENTED_EDGE ( 'NONE', *, *, #1135, .T. ) ;
#1337 = SURFACE_SIDE_STYLE ('',( #873 ) ) ;
#1338 = VERTEX_POINT ( 'NONE', #291 ) ;
#1339 = ORIENTED_EDGE ( 'NONE', *, *, #344, .F. ) ;
#1340 = ADVANCED_FACE ( 'NONE', ( #1138 ), #925, .F. ) ;
#1341 = STYLED_ITEM ( 'NONE', ( #643 ), #457 ) ;
#1342 = PRESENTATION_LAYER_ASSIGNMENT (  '', '', ( #844 ) ) ;
#1343 = DIRECTION ( 'NONE',  ( -1.000000000000000000, -0.0000000000000000000, -0.0000000000000000000 ) ) ;
#1344 =( LENGTH_UNIT ( ) NAMED_UNIT ( * ) SI_UNIT ( .MILLI., .METRE. ) );
#1345 = VECTOR ( 'NONE', #146, 1000.000000000000000 ) ;
#1346 = PRESENTATION_LAYER_ASSIGNMENT (  '', '', ( #1200 ) ) ;
#1347 = PRODUCT_DEFINITION ( 'UNKNOWN', '', #512, #1099 ) ;
#1348 = VECTOR ( 'NONE', #1226, 1000.000000000000000 ) ;
#1349 =( NAMED_UNIT ( * ) PLANE_ANGLE_UNIT ( ) SI_UNIT ( $, .RADIAN. ) );
#1350 = SURFACE_STYLE_FILL_AREA ( #68 ) ;
#1351 = CYLINDRICAL_SURFACE ( 'NONE', #209, 0.1000000000000000472 ) ;
#1352 = ORIENTED_EDGE ( 'NONE', *, *, #855, .T. ) ;
#1353 = EDGE_LOOP ( 'NONE', ( #373, #956, #1131, #1216, #1251 ) ) ;
#1354 =( NAMED_UNIT ( * ) SI_UNIT ( $, .STERADIAN. ) SOLID_ANGLE_UNIT ( ) );
#1355 = CARTESIAN_POINT ( 'NONE',  ( 9.000000000000001776, 1.269999999999999352, 0.0000000000000000000 ) ) ;
#1356 = EDGE_CURVE ( 'NONE', #95, #230, #1240, .T. ) ;
#1357 = DIRECTION ( 'NONE',  ( 0.0000000000000000000, 0.0000000000000000000, -1.000000000000000000 ) ) ;
#1358 = PRESENTATION_LAYER_ASSIGNMENT (  '', '', ( #74 ) ) ;
#1359 = FILL_AREA_STYLE_COLOUR ( '', #577 ) ;
#1360 = DIRECTION ( 'NONE',  ( 0.0000000000000000000, 0.0000000000000000000, 1.000000000000000000 ) ) ;
#1361 = CYLINDRICAL_SURFACE ( 'NONE', #1247, 0.1000000000000000194 ) ;
#1362 =( NAMED_UNIT ( * ) PLANE_ANGLE_UNIT ( ) SI_UNIT ( $, .RADIAN. ) );
#1363 = CARTESIAN_POINT ( 'NONE',  ( 7.100000000000000533, -1.169999999999999263, -0.1000000000000000194 ) ) ;
#1364 = STYLED_ITEM ( 'NONE', ( #655 ), #383 ) ;
#1365 = SURFACE_STYLE_FILL_AREA ( #1158 ) ;
#1366 = ADVANCED_FACE ( 'NONE', ( #52 ), #1361, .T. ) ;
#1367 = PRODUCT_DEFINITION ( 'UNKNOWN', '', #47, #1274 ) ;
#1368 = APPLICATION_PROTOCOL_DEFINITION ( 'draft international standard', 'automotive_design', 1998, #317 ) ;
#1369 = DIRECTION ( 'NONE',  ( -6.505213034913010038E-15, 1.000000000000000000, 0.0000000000000000000 ) ) ;
#1370 = ORIENTED_EDGE ( 'NONE', *, *, #1326, .F. ) ;
#1371 = ORIENTED_EDGE ( 'NONE', *, *, #719, .T. ) ;
#1372 =( NAMED_UNIT ( * ) SI_UNIT ( $, .STERADIAN. ) SOLID_ANGLE_UNIT ( ) );
#1373 = VERTEX_POINT ( 'NONE', #717 ) ;
#1374 = VERTEX_POINT ( 'NONE', #1021 ) ;
#1375 = EDGE_CURVE ( 'NONE', #757, #1373, #680, .T. ) ;
#1376 = SURFACE_STYLE_USAGE ( .BOTH. , #639 ) ;
ENDSEC;
END-ISO-10303-21;
