ISO-10303-21;
HEADER;
FILE_DESCRIPTION (( 'STEP AP214' ),
    '1' );
FILE_NAME ('ABS06N-32.768kHz-T.STEP',
    '2025-07-11T11:06:19',
    ( '' ),
    ( '' ),
    'SwSTEP 2.0',
    'SolidWorks 2020',
    '' );
FILE_SCHEMA (( 'AUTOMOTIVE_DESIGN' ));
ENDSEC;

DATA;
#1 = EDGE_CURVE ( 'NONE', #506, #533, #346, .T. ) ;
#2 =( NAMED_UNIT ( * ) SI_UNIT ( $, .STERADIAN. ) SOLID_ANGLE_UNIT ( ) );
#3 = VECTOR ( 'NONE', #426, 1000.000000000000000 ) ;
#4 = UNCERTAINTY_MEASURE_WITH_UNIT (LENGTH_MEASURE( 1.000000000000000082E-05 ), #91, 'distance_accuracy_value', 'NONE');
#5 = SURFACE_SIDE_STYLE ('',( #1695 ) ) ;
#6 = MECHANICAL_DESIGN_GEOMETRIC_PRESENTATION_REPRESENTATION (  '', ( #644 ), #1294 ) ;
#7 = CARTESIAN_POINT ( 'NONE',  ( 0.8281999999999999362, 0.5895999999999999019, -0.4879999999999694582 ) ) ;
#8 = VECTOR ( 'NONE', #158, 1000.000000000000000 ) ;
#9 = VERTEX_POINT ( 'NONE', #495 ) ;
#10 = FILL_AREA_STYLE_COLOUR ( '', #174 ) ;
#11 = SURFACE_STYLE_FILL_AREA ( #329 ) ;
#12 = ORIENTED_EDGE ( 'NONE', *, *, #633, .F. ) ;
#13 = EDGE_CURVE ( 'NONE', #804, #987, #149, .T. ) ;
#14 = CYLINDRICAL_SURFACE ( 'NONE', #645, 0.07620000000000000384 ) ;
#15 = ORIENTED_EDGE ( 'NONE', *, *, #1583, .F. ) ;
#16 = STYLED_ITEM ( 'NONE', ( #529 ), #1057 ) ;
#17 = EDGE_CURVE ( 'NONE', #1571, #1335, #319, .T. ) ;
#18 = FACE_OUTER_BOUND ( 'NONE', #1286, .T. ) ;
#19 = ORIENTED_EDGE ( 'NONE', *, *, #1994, .T. ) ;
#20 = ADVANCED_BREP_SHAPE_REPRESENTATION ( 'ABS06N-32.768kHz-T', ( #1803, #915 ), #1674 ) ;
#21 = EDGE_CURVE ( 'NONE', #9, #173, #797, .T. ) ;
#22 = VERTEX_POINT ( 'NONE', #1739 ) ;
#23 = SURFACE_STYLE_USAGE ( .BOTH. , #461 ) ;
#24 = ORIENTED_EDGE ( 'NONE', *, *, #128, .T. ) ;
#25 = PRESENTATION_LAYER_ASSIGNMENT (  '', '', ( #290 ) ) ;
#26 = FACE_OUTER_BOUND ( 'NONE', #1275, .T. ) ;
#27 = EDGE_CURVE ( 'NONE', #1836, #846, #1912, .T. ) ;
#28 = COLOUR_RGB ( '',0.9686274509803921573, 0.8784313725490195957, 0.5999999999999999778 ) ;
#29 = CARTESIAN_POINT ( 'NONE',  ( 0.9932999999999999607, 0.02000000000000005246, -0.5868999999999700012 ) ) ;
#30 =( GEOMETRIC_REPRESENTATION_CONTEXT ( 3 ) GLOBAL_UNCERTAINTY_ASSIGNED_CONTEXT ( ( #1485 ) ) GLOBAL_UNIT_ASSIGNED_CONTEXT ( ( #567, #1060, #728 ) ) REPRESENTATION_CONTEXT ( 'NONE', 'WORKASPACE' ) );
#31 = ORIENTED_EDGE ( 'NONE', *, *, #279, .F. ) ;
#32 = STYLED_ITEM ( 'NONE', ( #1572 ), #1738 ) ;
#33 = PRESENTATION_LAYER_ASSIGNMENT (  '', '', ( #138 ) ) ;
#34 = CARTESIAN_POINT ( 'NONE',  ( 0.000000000000000000, 0.01000000000000000021, 0.000000000000000000 ) ) ;
#35 = ORIENTED_EDGE ( 'NONE', *, *, #997, .T. ) ;
#36 = DIRECTION ( 'NONE',  ( -1.084202172485504557E-16, 0.000000000000000000, 1.000000000000000000 ) ) ;
#37 = DIRECTION ( 'NONE',  ( 0.000000000000000000, 0.000000000000000000, -1.000000000000000000 ) ) ;
#38 = DIRECTION ( 'NONE',  ( -0.7071067811865477948, 0.000000000000000000, -0.7071067811865473507 ) ) ;
#39 = UNCERTAINTY_MEASURE_WITH_UNIT (LENGTH_MEASURE( 1.000000000000000082E-05 ), #947, 'distance_accuracy_value', 'NONE');
#40 = EDGE_CURVE ( 'NONE', #825, #804, #788, .T. ) ;
#41 = CARTESIAN_POINT ( 'NONE',  ( -0.8381999999999739659, 0.4826000000000000290, 0.4418000000000180116 ) ) ;
#42 = AXIS2_PLACEMENT_3D ( 'NONE', #1922, #1479, #1157 ) ;
#43 = VERTEX_POINT ( 'NONE', #1419 ) ;
#44 = DIRECTION ( 'NONE',  ( 0.000000000000000000, -1.000000000000000000, 0.000000000000000000 ) ) ;
#45 = FILL_AREA_STYLE_COLOUR ( '', #687 ) ;
#46 = DIRECTION ( 'NONE',  ( -1.000000000000000000, 0.000000000000000000, -0.000000000000000000 ) ) ;
#47 = EDGE_CURVE ( 'NONE', #110, #602, #583, .T. ) ;
#48 = CARTESIAN_POINT ( 'NONE',  ( -0.3999999999999999667, 0.01000000000000000021, -0.5000000000000000000 ) ) ;
#49 = FILL_AREA_STYLE_COLOUR ( '', #1707 ) ;
#50 = AXIS2_PLACEMENT_3D ( 'NONE', #257, #1500, #245 ) ;
#51 = ORIENTED_EDGE ( 'NONE', *, *, #848, .F. ) ;
#52 = SURFACE_STYLE_FILL_AREA ( #1589 ) ;
#53 = VECTOR ( 'NONE', #1466, 1000.000000000000000 ) ;
#54 = VERTEX_POINT ( 'NONE', #624 ) ;
#55 = FACE_OUTER_BOUND ( 'NONE', #1588, .T. ) ;
#56 = SURFACE_STYLE_FILL_AREA ( #1601 ) ;
#57 = LINE ( 'NONE', #1934, #1056 ) ;
#58 = TOROIDAL_SURFACE ( 'NONE', #614, 0.1262000000000000066, 0.05000000000000000278 ) ;
#59 =( GEOMETRIC_REPRESENTATION_CONTEXT ( 3 ) GLOBAL_UNCERTAINTY_ASSIGNED_CONTEXT ( ( #462 ) ) GLOBAL_UNIT_ASSIGNED_CONTEXT ( ( #272, #1366, #1508 ) ) REPRESENTATION_CONTEXT ( 'NONE', 'WORKASPACE' ) );
#60 = UNCERTAINTY_MEASURE_WITH_UNIT (LENGTH_MEASURE( 1.000000000000000082E-05 ), #1585, 'distance_accuracy_value', 'NONE');
#61 = UNCERTAINTY_MEASURE_WITH_UNIT (LENGTH_MEASURE( 1.000000000000000082E-05 ), #966, 'distance_accuracy_value', 'NONE');
#62 = EDGE_CURVE ( 'NONE', #1605, #487, #1811, .T. ) ;
#63 =( NAMED_UNIT ( * ) SI_UNIT ( $, .STERADIAN. ) SOLID_ANGLE_UNIT ( ) );
#64 = VERTEX_POINT ( 'NONE', #1454 ) ;
#65 = CARTESIAN_POINT ( 'NONE',  ( 0.9043999999999999817, 0.5895999999999999019, 0.4418000000000180116 ) ) ;
#66 = STYLED_ITEM ( 'NONE', ( #926 ), #621 ) ;
#67 = ORIENTED_EDGE ( 'NONE', *, *, #1227, .F. ) ;
#68 = PRESENTATION_LAYER_ASSIGNMENT (  '', '', ( #644 ) ) ;
#69 = DIRECTION ( 'NONE',  ( 0.000000000000000000, 0.000000000000000000, -1.000000000000000000 ) ) ;
#70 = PRESENTATION_LAYER_ASSIGNMENT (  '', '', ( #935 ) ) ;
#71 = AXIS2_PLACEMENT_3D ( 'NONE', #246, #1672, #900 ) ;
#72 = SURFACE_SIDE_STYLE ('',( #1211 ) ) ;
#73 = SURFACE_STYLE_USAGE ( .BOTH. , #1831 ) ;
#74 = ORIENTED_EDGE ( 'NONE', *, *, #455, .T. ) ;
#75 = DIRECTION ( 'NONE',  ( 0.000000000000000000, 0.000000000000000000, 1.000000000000000000 ) ) ;
#76 = SURFACE_STYLE_USAGE ( .BOTH. , #1490 ) ;
#77 = EDGE_CURVE ( 'NONE', #415, #1220, #1315, .T. ) ;
#78 = EDGE_LOOP ( 'NONE', ( #1744, #1932, #770, #1138 ) ) ;
#79 =( NAMED_UNIT ( * ) PLANE_ANGLE_UNIT ( ) SI_UNIT ( $, .RADIAN. ) );
#80 = UNCERTAINTY_MEASURE_WITH_UNIT (LENGTH_MEASURE( 1.000000000000000082E-05 ), #150, 'distance_accuracy_value', 'NONE');
#81 = SURFACE_STYLE_USAGE ( .BOTH. , #746 ) ;
#82 = PRESENTATION_STYLE_ASSIGNMENT (( #1008 ) ) ;
#83 = COLOUR_RGB ( '',1.000000000000000000, 1.000000000000000000, 1.000000000000000000 ) ;
#84 = LINE ( 'NONE', #1052, #1179 ) ;
#85 = EDGE_CURVE ( 'NONE', #1618, #1205, #1188, .T. ) ;
#86 = EDGE_LOOP ( 'NONE', ( #1054, #620, #958, #1390 ) ) ;
#87 = SURFACE_SIDE_STYLE ('',( #1653 ) ) ;
#88 = FILL_AREA_STYLE ('',( #1502 ) ) ;
#89 = VECTOR ( 'NONE', #44, 1000.000000000000000 ) ;
#90 = DIRECTION ( 'NONE',  ( 1.000000000000000000, 0.000000000000000000, 0.000000000000000000 ) ) ;
#91 =( LENGTH_UNIT ( ) NAMED_UNIT ( * ) SI_UNIT ( .MILLI., .METRE. ) );
#92 = CARTESIAN_POINT ( 'NONE',  ( 0.3999999999999998557, 0.01000000000000000021, 0.3000000000000000444 ) ) ;
#93 = CARTESIAN_POINT ( 'NONE',  ( 0.5999999999999998668, 0.01000000000000000021, 0.4999999999999998890 ) ) ;
#94 = AXIS2_PLACEMENT_3D ( 'NONE', #250, #456, #747 ) ;
#95 = SURFACE_STYLE_USAGE ( .BOTH. , #1492 ) ;
#96 =( NAMED_UNIT ( * ) PLANE_ANGLE_UNIT ( ) SI_UNIT ( $, .RADIAN. ) );
#97 = COLOUR_RGB ( '',0.9686274509803921573, 0.8784313725490195957, 0.5999999999999999778 ) ;
#98 = SURFACE_STYLE_FILL_AREA ( #112 ) ;
#99 = EDGE_CURVE ( 'NONE', #1696, #1264, #1134, .T. ) ;
#100 = MECHANICAL_DESIGN_GEOMETRIC_PRESENTATION_REPRESENTATION (  '', ( #551 ), #896 ) ;
#101 = ORIENTED_EDGE ( 'NONE', *, *, #1788, .T. ) ;
#102 = AXIS2_PLACEMENT_3D ( 'NONE', #1159, #702, #1127 ) ;
#103 = COLOUR_RGB ( '',1.000000000000000000, 1.000000000000000000, 1.000000000000000000 ) ;
#104 = AXIS2_PLACEMENT_3D ( 'NONE', #1169, #1247, #1224 ) ;
#105 = DIRECTION ( 'NONE',  ( 0.000000000000000000, 0.000000000000000000, 1.000000000000000000 ) ) ;
#106 = CARTESIAN_POINT ( 'NONE',  ( -0.9270999999999720576, 0.4826000000000000290, 0.6068999999999700190 ) ) ;
#107 = EDGE_CURVE ( 'NONE', #936, #1112, #57, .T. ) ;
#108 = CYLINDRICAL_SURFACE ( 'NONE', #94, 0.07620000000000000384 ) ;
#109 = CARTESIAN_POINT ( 'NONE',  ( -0.9143999999999740114, 0.5895999999999999019, -0.4317999999999694860 ) ) ;
#110 = VERTEX_POINT ( 'NONE', #1639 ) ;
#111 = FACE_OUTER_BOUND ( 'NONE', #1608, .T. ) ;
#112 = FILL_AREA_STYLE ('',( #1004 ) ) ;
#113 = ADVANCED_FACE ( 'NONE', ( #999 ), #1295, .T. ) ;
#114 = AXIS2_PLACEMENT_3D ( 'NONE', #1279, #683, #542 ) ;
#115 =( NAMED_UNIT ( * ) SI_UNIT ( $, .STERADIAN. ) SOLID_ANGLE_UNIT ( ) );
#116 = ORIENTED_EDGE ( 'NONE', *, *, #1668, .F. ) ;
#117 = DIRECTION ( 'NONE',  ( 0.000000000000000000, 0.000000000000000000, 1.000000000000000000 ) ) ;
#118 = AXIS2_PLACEMENT_3D ( 'NONE', #1059, #725, #1671 ) ;
#119 = ORIENTED_EDGE ( 'NONE', *, *, #1476, .F. ) ;
#120 = PRESENTATION_STYLE_ASSIGNMENT (( #868 ) ) ;
#121 = FACE_OUTER_BOUND ( 'NONE', #1776, .T. ) ;
#122 = PRESENTATION_LAYER_ASSIGNMENT (  '', '', ( #222 ) ) ;
#123 = DIRECTION ( 'NONE',  ( -0.000000000000000000, 1.000000000000000000, -0.000000000000000000 ) ) ;
#124 = VECTOR ( 'NONE', #634, 1000.000000000000000 ) ;
#125 = CARTESIAN_POINT ( 'NONE',  ( 0.8843999999999999639, 0.6095999999999999197, -0.4317999999999694860 ) ) ;
#126 = EDGE_LOOP ( 'NONE', ( #700, #204, #294, #1442 ) ) ;
#127 = DIRECTION ( 'NONE',  ( 0.000000000000000000, -1.000000000000000000, 0.000000000000000000 ) ) ;
#128 = EDGE_CURVE ( 'NONE', #1537, #1276, #1644, .T. ) ;
#129 = DIRECTION ( 'NONE',  ( 0.000000000000000000, 0.000000000000000000, -1.000000000000000000 ) ) ;
#130 = PRESENTATION_STYLE_ASSIGNMENT (( #657 ) ) ;
#131 = VECTOR ( 'NONE', #1186, 1000.000000000000000 ) ;
#132 = EDGE_LOOP ( 'NONE', ( #1050, #1778, #1413, #1023 ) ) ;
#133 = VECTOR ( 'NONE', #469, 1000.000000000000000 ) ;
#134 = ORIENTED_EDGE ( 'NONE', *, *, #1543, .T. ) ;
#135 =( GEOMETRIC_REPRESENTATION_CONTEXT ( 3 ) GLOBAL_UNCERTAINTY_ASSIGNED_CONTEXT ( ( #39 ) ) GLOBAL_UNIT_ASSIGNED_CONTEXT ( ( #947, #1061, #2000 ) ) REPRESENTATION_CONTEXT ( 'NONE', 'WORKASPACE' ) );
#136 = FILL_AREA_STYLE_COLOUR ( '', #97 ) ;
#137 = DIRECTION ( 'NONE',  ( 0.000000000000000000, -1.000000000000000000, 0.000000000000000000 ) ) ;
#138 = STYLED_ITEM ( 'NONE', ( #979 ), #113 ) ;
#139 =( NAMED_UNIT ( * ) SI_UNIT ( $, .STERADIAN. ) SOLID_ANGLE_UNIT ( ) );
#140 = ORIENTED_EDGE ( 'NONE', *, *, #1692, .T. ) ;
#141 =( NAMED_UNIT ( * ) PLANE_ANGLE_UNIT ( ) SI_UNIT ( $, .RADIAN. ) );
#142 = EDGE_CURVE ( 'NONE', #812, #483, #1336, .T. ) ;
#143 = ORIENTED_EDGE ( 'NONE', *, *, #1557, .T. ) ;
#144 = CYLINDRICAL_SURFACE ( 'NONE', #1646, 0.01999999999999999695 ) ;
#145 = DIRECTION ( 'NONE',  ( -1.000000000000000000, 0.000000000000000000, 0.000000000000000000 ) ) ;
#146 = CARTESIAN_POINT ( 'NONE',  ( -1.003299999999973879, 0.6095999999999999197, -0.5868999999999700012 ) ) ;
#147 = UNCERTAINTY_MEASURE_WITH_UNIT (LENGTH_MEASURE( 1.000000000000000082E-05 ), #1925, 'distance_accuracy_value', 'NONE');
#148 = EDGE_LOOP ( 'NONE', ( #1246, #909, #1086, #927, #844, #1439, #323, #2022 ) ) ;
#149 = LINE ( 'NONE', #1556, #1949 ) ;
#150 =( LENGTH_UNIT ( ) NAMED_UNIT ( * ) SI_UNIT ( .MILLI., .METRE. ) );
#151 = PLANE ( 'NONE',  #931 ) ;
#152 = SURFACE_STYLE_USAGE ( .BOTH. , #1874 ) ;
#153 =( NAMED_UNIT ( * ) SI_UNIT ( $, .STERADIAN. ) SOLID_ANGLE_UNIT ( ) );
#154 = ORIENTED_EDGE ( 'NONE', *, *, #99, .F. ) ;
#155 = DIRECTION ( 'NONE',  ( 0.000000000000000000, 0.000000000000000000, -1.000000000000000000 ) ) ;
#156 = EDGE_CURVE ( 'NONE', #550, #306, #1790, .T. ) ;
#157 = FACE_BOUND ( 'NONE', #692, .T. ) ;
#158 = DIRECTION ( 'NONE',  ( -0.000000000000000000, 1.000000000000000000, -0.000000000000000000 ) ) ;
#159 = DIRECTION ( 'NONE',  ( 0.000000000000000000, 1.000000000000000000, 0.000000000000000000 ) ) ;
#160 =( LENGTH_UNIT ( ) NAMED_UNIT ( * ) SI_UNIT ( .MILLI., .METRE. ) );
#161 = PRESENTATION_LAYER_ASSIGNMENT (  '', '', ( #1896 ) ) ;
#162 = FILL_AREA_STYLE_COLOUR ( '', #1747 ) ;
#163 = STYLED_ITEM ( 'NONE', ( #878 ), #1100 ) ;
#164 =( LENGTH_UNIT ( ) NAMED_UNIT ( * ) SI_UNIT ( .MILLI., .METRE. ) );
#165 = ORIENTED_EDGE ( 'NONE', *, *, #726, .T. ) ;
#166 = CARTESIAN_POINT ( 'NONE',  ( -0.9270999999999740560, 0.4826000000000000290, -0.5968999999999700101 ) ) ;
#167 =( NAMED_UNIT ( * ) PLANE_ANGLE_UNIT ( ) SI_UNIT ( $, .RADIAN. ) );
#168 = CARTESIAN_POINT ( 'NONE',  ( 0.9043999999999999817, 0.4826000000000000290, 0.4418000000000180116 ) ) ;
#169 = DIRECTION ( 'NONE',  ( 0.000000000000000000, -1.000000000000000000, 0.000000000000000000 ) ) ;
#170 = CARTESIAN_POINT ( 'NONE',  ( -1.003299999999999859, 0.6095999999999999197, -0.5206999999999699646 ) ) ;
#171 = VECTOR ( 'NONE', #420, 1000.000000000000000 ) ;
#172 =( GEOMETRIC_REPRESENTATION_CONTEXT ( 3 ) GLOBAL_UNCERTAINTY_ASSIGNED_CONTEXT ( ( #1468 ) ) GLOBAL_UNIT_ASSIGNED_CONTEXT ( ( #1051, #1680, #605 ) ) REPRESENTATION_CONTEXT ( 'NONE', 'WORKASPACE' ) );
#173 = VERTEX_POINT ( 'NONE', #385 ) ;
#174 = COLOUR_RGB ( '',1.000000000000000000, 1.000000000000000000, 1.000000000000000000 ) ;
#175 =( NAMED_UNIT ( * ) PLANE_ANGLE_UNIT ( ) SI_UNIT ( $, .RADIAN. ) );
#176 = AXIS2_PLACEMENT_3D ( 'NONE', #948, #1698, #1712 ) ;
#177 = EDGE_LOOP ( 'NONE', ( #1166, #992, #508, #1952 ) ) ;
#178 = DIRECTION ( 'NONE',  ( -0.000000000000000000, 1.000000000000000000, -0.000000000000000000 ) ) ;
#179 = ORIENTED_EDGE ( 'NONE', *, *, #320, .T. ) ;
#180 = CARTESIAN_POINT ( 'NONE',  ( 0.8281999999999999362, 0.5895999999999999019, 0.4418000000000180116 ) ) ;
#181 = MECHANICAL_DESIGN_GEOMETRIC_PRESENTATION_REPRESENTATION (  '', ( #1432 ), #965 ) ;
#182 = SURFACE_SIDE_STYLE ('',( #1308 ) ) ;
#183 = EDGE_CURVE ( 'NONE', #602, #235, #1016, .T. ) ;
#184 = ORIENTED_EDGE ( 'NONE', *, *, #77, .F. ) ;
#185 = CARTESIAN_POINT ( 'NONE',  ( -0.9000000000000000222, 0.02000000000000000042, -0.5000000000000000000 ) ) ;
#186 = TOROIDAL_SURFACE ( 'NONE', #1340, 0.1262000000000000066, 0.05000000000000000278 ) ;
#187 = LINE ( 'NONE', #691, #1504 ) ;
#188 = DIRECTION ( 'NONE',  ( -0.000000000000000000, -1.000000000000000000, -0.000000000000000000 ) ) ;
#189 =( NAMED_UNIT ( * ) SI_UNIT ( $, .STERADIAN. ) SOLID_ANGLE_UNIT ( ) );
#190 = UNCERTAINTY_MEASURE_WITH_UNIT (LENGTH_MEASURE( 1.000000000000000082E-05 ), #160, 'distance_accuracy_value', 'NONE');
#191 = CARTESIAN_POINT ( 'NONE',  ( -1.013299999999973888, 0.02000000000000005246, -0.5968999999999700101 ) ) ;
#192 = AXIS2_PLACEMENT_3D ( 'NONE', #510, #1128, #522 ) ;
#193 = ADVANCED_FACE ( 'NONE', ( #26 ), #1473, .F. ) ;
#194 = ORIENTED_EDGE ( 'NONE', *, *, #1002, .T. ) ;
#195 = DIRECTION ( 'NONE',  ( 0.000000000000000000, 0.000000000000000000, 1.000000000000000000 ) ) ;
#196 =( LENGTH_UNIT ( ) NAMED_UNIT ( * ) SI_UNIT ( .MILLI., .METRE. ) );
#197 = CARTESIAN_POINT ( 'NONE',  ( -1.003299999999971881, 0.4826000000000000290, 0.6068999999999700190 ) ) ;
#198 = PLANE ( 'NONE',  #192 ) ;
#199 = CARTESIAN_POINT ( 'NONE',  ( 0.5999999999999998668, 0.02000000000000000042, 0.4999999999999998890 ) ) ;
#200 = PRESENTATION_LAYER_ASSIGNMENT (  '', '', ( #367 ) ) ;
#201 = FILL_AREA_STYLE ('',( #983 ) ) ;
#202 = FILL_AREA_STYLE ('',( #537 ) ) ;
#203 = VECTOR ( 'NONE', #937, 1000.000000000000000 ) ;
#204 = ORIENTED_EDGE ( 'NONE', *, *, #305, .F. ) ;
#205 =( NAMED_UNIT ( * ) SI_UNIT ( $, .STERADIAN. ) SOLID_ANGLE_UNIT ( ) );
#206 = AXIS2_PLACEMENT_3D ( 'NONE', #1525, #1356, #1980 ) ;
#207 = ORIENTED_EDGE ( 'NONE', *, *, #27, .F. ) ;
#208 = CARTESIAN_POINT ( 'NONE',  ( -0.8381999999999739659, 0.5326000000000000734, 0.4418000000000180116 ) ) ;
#209 = SURFACE_STYLE_FILL_AREA ( #990 ) ;
#210 = SURFACE_STYLE_USAGE ( .BOTH. , #1918 ) ;
#211 = CARTESIAN_POINT ( 'NONE',  ( 0.3999999999999998557, 0.01000000000000000021, 0.3000000000000000444 ) ) ;
#212 = PRESENTATION_STYLE_ASSIGNMENT (( #1937 ) ) ;
#213 = ORIENTED_EDGE ( 'NONE', *, *, #484, .F. ) ;
#214 = ORIENTED_EDGE ( 'NONE', *, *, #431, .T. ) ;
#215 =( NAMED_UNIT ( * ) SI_UNIT ( $, .STERADIAN. ) SOLID_ANGLE_UNIT ( ) );
#216 = ORIENTED_EDGE ( 'NONE', *, *, #1568, .F. ) ;
#217 = DIRECTION ( 'NONE',  ( 1.355252715606880789E-16, 0.000000000000000000, -1.000000000000000000 ) ) ;
#218 = DIRECTION ( 'NONE',  ( 0.000000000000000000, 0.000000000000000000, -1.000000000000000000 ) ) ;
#219 = DIRECTION ( 'NONE',  ( 0.000000000000000000, 0.000000000000000000, -1.000000000000000000 ) ) ;
#220 = EDGE_CURVE ( 'NONE', #494, #22, #2010, .T. ) ;
#221 = DIRECTION ( 'NONE',  ( 1.000000000000000000, 0.000000000000000000, 0.000000000000000000 ) ) ;
#222 = STYLED_ITEM ( 'NONE', ( #1768 ), #843 ) ;
#223 =( LENGTH_UNIT ( ) NAMED_UNIT ( * ) SI_UNIT ( .MILLI., .METRE. ) );
#224 = CIRCLE ( 'NONE', #1633, 0.02000000000000005246 ) ;
#225 = UNCERTAINTY_MEASURE_WITH_UNIT (LENGTH_MEASURE( 1.000000000000000082E-05 ), #223, 'distance_accuracy_value', 'NONE');
#226 = ADVANCED_FACE ( 'NONE', ( #111 ), #1510, .F. ) ;
#227 = CARTESIAN_POINT ( 'NONE',  ( -1.003299999999971881, 0.02000000000000005246, 0.6068999999999700190 ) ) ;
#228 = CARTESIAN_POINT ( 'NONE',  ( -0.8381999999999739659, 0.4826000000000000290, -0.4317999999999694860 ) ) ;
#229 = ORIENTED_EDGE ( 'NONE', *, *, #607, .T. ) ;
#230 = LINE ( 'NONE', #65, #611 ) ;
#231 = STYLED_ITEM ( 'NONE', ( #1623 ), #1821 ) ;
#232 = MECHANICAL_DESIGN_GEOMETRIC_PRESENTATION_REPRESENTATION (  '', ( #1290 ), #30 ) ;
#233 = SURFACE_STYLE_USAGE ( .BOTH. , #596 ) ;
#234 = DIRECTION ( 'NONE',  ( 0.000000000000000000, -1.000000000000000000, 0.000000000000000000 ) ) ;
#235 = VERTEX_POINT ( 'NONE', #1526 ) ;
#236 = FILL_AREA_STYLE_COLOUR ( '', #1679 ) ;
#237 = CARTESIAN_POINT ( 'NONE',  ( -0.8381999999999739659, 0.6095999999999999197, 0.4418000000000180116 ) ) ;
#238 = VERTEX_POINT ( 'NONE', #274 ) ;
#239 = FILL_AREA_STYLE ('',( #678 ) ) ;
#240 = LINE ( 'NONE', #1494, #1808 ) ;
#241 = CARTESIAN_POINT ( 'NONE',  ( 0.9932999999999738705, 0.6095999999999999197, 0.6068999999999700190 ) ) ;
#242 = ORIENTED_EDGE ( 'NONE', *, *, #697, .F. ) ;
#243 =( LENGTH_UNIT ( ) NAMED_UNIT ( * ) SI_UNIT ( .MILLI., .METRE. ) );
#244 = CARTESIAN_POINT ( 'NONE',  ( -1.013299999999999867, 0.5326000000000000734, 0.5680000000000180460 ) ) ;
#245 = DIRECTION ( 'NONE',  ( 1.000000000000000000, 0.000000000000000000, 0.000000000000000000 ) ) ;
#246 = CARTESIAN_POINT ( 'NONE',  ( 0.9544000000000002482, 0.5326000000000000734, 0.4418000000000180116 ) ) ;
#247 = UNCERTAINTY_MEASURE_WITH_UNIT (LENGTH_MEASURE( 1.000000000000000082E-05 ), #962, 'distance_accuracy_value', 'NONE');
#248 =( NAMED_UNIT ( * ) SI_UNIT ( $, .STERADIAN. ) SOLID_ANGLE_UNIT ( ) );
#249 = LINE ( 'NONE', #1202, #1642 ) ;
#250 = CARTESIAN_POINT ( 'NONE',  ( 0.9932999999999738705, 0.6095999999999999197, -0.5968999999999700101 ) ) ;
#251 = CARTESIAN_POINT ( 'NONE',  ( 0.9932999999999999607, 0.6095999999999999197, -0.5868999999999700012 ) ) ;
#252 = STYLED_ITEM ( 'NONE', ( #130 ), #288 ) ;
#253 = EDGE_LOOP ( 'NONE', ( #994, #1436, #885, #341 ) ) ;
#254 = SURFACE_STYLE_FILL_AREA ( #557 ) ;
#255 = SURFACE_SIDE_STYLE ('',( #1197 ) ) ;
#256 = VECTOR ( 'NONE', #1629, 1000.000000000000000 ) ;
#257 = CARTESIAN_POINT ( 'NONE',  ( -1.013299999999973888, 0.6095999999999999197, -0.5968999999999700101 ) ) ;
#258 = EDGE_CURVE ( 'NONE', #330, #1361, #758, .T. ) ;
#259 = CARTESIAN_POINT ( 'NONE',  ( 0.5999999999999998668, 0.01000000000000000021, 0.4999999999999998890 ) ) ;
#260 = FILL_AREA_STYLE ('',( #588 ) ) ;
#261 = MECHANICAL_DESIGN_GEOMETRIC_PRESENTATION_REPRESENTATION (  '', ( #544 ), #1237 ) ;
#262 = CARTESIAN_POINT ( 'NONE',  ( -0.4000000000000000777, 0.02000000000000000042, 0.5000000000000000000 ) ) ;
#263 = FILL_AREA_STYLE ('',( #739 ) ) ;
#264 = EDGE_LOOP ( 'NONE', ( #1963, #1117, #179, #656 ) ) ;
#265 = PRESENTATION_STYLE_ASSIGNMENT (( #1981 ) ) ;
#266 = TOROIDAL_SURFACE ( 'NONE', #1875, 0.05619999999999999996, 0.02000000000000000042 ) ;
#267 = CARTESIAN_POINT ( 'NONE',  ( 0.8999999999999999112, 0.01000000000000000021, 0.5000000000000000000 ) ) ;
#268 = PRESENTATION_LAYER_ASSIGNMENT (  '', '', ( #581 ) ) ;
#269 = PRESENTATION_LAYER_ASSIGNMENT (  '', '', ( #968 ) ) ;
#270 = CARTESIAN_POINT ( 'NONE',  ( -1.003299999999975878, 0.4826000000000000290, -0.5206999999999699646 ) ) ;
#271 = EDGE_LOOP ( 'NONE', ( #1802, #959, #2034, #1990 ) ) ;
#272 =( LENGTH_UNIT ( ) NAMED_UNIT ( * ) SI_UNIT ( .MILLI., .METRE. ) );
#273 = ORIENTED_EDGE ( 'NONE', *, *, #997, .F. ) ;
#274 = CARTESIAN_POINT ( 'NONE',  ( -1.003299999999975434, 0.02000000000000005246, -0.5206999999999699646 ) ) ;
#275 = ADVANCED_FACE ( 'NONE', ( #1065 ), #888, .F. ) ;
#276 = VERTEX_POINT ( 'NONE', #504 ) ;
#277 = MECHANICAL_DESIGN_GEOMETRIC_PRESENTATION_REPRESENTATION (  '', ( #16 ), #1959 ) ;
#278 = CARTESIAN_POINT ( 'NONE',  ( -1.013299999999999867, 0.02000000000000005246, 0.6069000000000180917 ) ) ;
#279 = EDGE_CURVE ( 'NONE', #64, #804, #1441, .T. ) ;
#280 = ORIENTED_EDGE ( 'NONE', *, *, #348, .F. ) ;
#281 = PLANE ( 'NONE',  #1216 ) ;
#282 = PRESENTATION_LAYER_ASSIGNMENT (  '', '', ( #1172 ) ) ;
#283 = CARTESIAN_POINT ( 'NONE',  ( 0.8281999999999999362, 0.5326000000000000734, 0.4418000000000180116 ) ) ;
#284 =( NAMED_UNIT ( * ) SI_UNIT ( $, .STERADIAN. ) SOLID_ANGLE_UNIT ( ) );
#285 = UNCERTAINTY_MEASURE_WITH_UNIT (LENGTH_MEASURE( 1.000000000000000082E-05 ), #1784, 'distance_accuracy_value', 'NONE');
#286 = CARTESIAN_POINT ( 'NONE',  ( 0.8281999999999999362, 0.5326000000000000734, -0.4317999999999694860 ) ) ;
#287 = SURFACE_SIDE_STYLE ('',( #1940 ) ) ;
#288 = ADVANCED_FACE ( 'NONE', ( #18 ), #1036, .F. ) ;
#289 = AXIS2_PLACEMENT_3D ( 'NONE', #1616, #996, #217 ) ;
#290 = STYLED_ITEM ( 'NONE', ( #1263 ), #1265 ) ;
#291 = LINE ( 'NONE', #457, #1017 ) ;
#292 =( NAMED_UNIT ( * ) SI_UNIT ( $, .STERADIAN. ) SOLID_ANGLE_UNIT ( ) );
#293 = PRESENTATION_LAYER_ASSIGNMENT (  '', '', ( #544 ) ) ;
#294 = ORIENTED_EDGE ( 'NONE', *, *, #648, .F. ) ;
#295 = CARTESIAN_POINT ( 'NONE',  ( -0.8381999999999739659, 0.4826000000000000290, 0.5680000000000180460 ) ) ;
#296 = COLOUR_RGB ( '',0.2509803921568627416, 0.2509803921568627416, 0.2509803921568627416 ) ;
#297 = LINE ( 'NONE', #1073, #1976 ) ;
#298 = STYLED_ITEM ( 'NONE', ( #1329 ), #1584 ) ;
#299 = APPLICATION_CONTEXT ( 'automotive_design' ) ;
#300 = ORIENTED_EDGE ( 'NONE', *, *, #1088, .T. ) ;
#301 =( NAMED_UNIT ( * ) SI_UNIT ( $, .STERADIAN. ) SOLID_ANGLE_UNIT ( ) );
#302 = FACE_BOUND ( 'NONE', #631, .T. ) ;
#303 = DIRECTION ( 'NONE',  ( -0.000000000000000000, 1.000000000000000000, -0.000000000000000000 ) ) ;
#304 = MECHANICAL_DESIGN_GEOMETRIC_PRESENTATION_REPRESENTATION (  '', ( #1297 ), #1085 ) ;
#305 = EDGE_CURVE ( 'NONE', #43, #355, #317, .T. ) ;
#306 = VERTEX_POINT ( 'NONE', #1236 ) ;
#307 = CARTESIAN_POINT ( 'NONE',  ( 0.3999999999999999667, 0.01000000000000000021, -0.5000000000000000000 ) ) ;
#308 = ORIENTED_EDGE ( 'NONE', *, *, #1994, .F. ) ;
#309 =( LENGTH_UNIT ( ) NAMED_UNIT ( * ) SI_UNIT ( .MILLI., .METRE. ) );
#310 = DIRECTION ( 'NONE',  ( 0.000000000000000000, 0.000000000000000000, -1.000000000000000000 ) ) ;
#311 = ORIENTED_EDGE ( 'NONE', *, *, #128, .F. ) ;
#312 = SURFACE_STYLE_FILL_AREA ( #1421 ) ;
#313 = SURFACE_STYLE_FILL_AREA ( #1620 ) ;
#314 = SURFACE_STYLE_FILL_AREA ( #350 ) ;
#315 = CARTESIAN_POINT ( 'NONE',  ( 0.8281999999999998252, 0.6095999999999999197, 0.4980000000000179838 ) ) ;
#316 = EDGE_LOOP ( 'NONE', ( #2018, #1110, #1355, #15 ) ) ;
#317 = LINE ( 'NONE', #295, #1531 ) ;
#318 = FILL_AREA_STYLE ('',( #1870 ) ) ;
#319 = LINE ( 'NONE', #778, #898 ) ;
#320 = EDGE_CURVE ( 'NONE', #494, #1571, #321, .T. ) ;
#321 = CIRCLE ( 'NONE', #422, 0.02000000000000005246 ) ;
#322 = FACE_OUTER_BOUND ( 'NONE', #78, .T. ) ;
#323 = ORIENTED_EDGE ( 'NONE', *, *, #1068, .T. ) ;
#324 = MECHANICAL_DESIGN_GEOMETRIC_PRESENTATION_REPRESENTATION (  '', ( #572 ), #59 ) ;
#325 =( GEOMETRIC_REPRESENTATION_CONTEXT ( 3 ) GLOBAL_UNCERTAINTY_ASSIGNED_CONTEXT ( ( #1174 ) ) GLOBAL_UNIT_ASSIGNED_CONTEXT ( ( #243, #582, #590 ) ) REPRESENTATION_CONTEXT ( 'NONE', 'WORKASPACE' ) );
#326 = DIRECTION ( 'NONE',  ( 1.000000000000000000, -0.000000000000000000, 0.000000000000000000 ) ) ;
#327 = ORIENTED_EDGE ( 'NONE', *, *, #695, .T. ) ;
#328 = DIRECTION ( 'NONE',  ( 1.000000000000000000, 0.000000000000000000, 1.084202172485504557E-16 ) ) ;
#329 = FILL_AREA_STYLE ('',( #814 ) ) ;
#330 = VERTEX_POINT ( 'NONE', #951 ) ;
#331 = PLANE ( 'NONE',  #526 ) ;
#332 = ADVANCED_FACE ( 'NONE', ( #1549 ), #1405, .F. ) ;
#333 = DIRECTION ( 'NONE',  ( 0.000000000000000000, 0.000000000000000000, -1.000000000000000000 ) ) ;
#334 = PRESENTATION_LAYER_ASSIGNMENT (  '', '', ( #1213 ) ) ;
#335 = MECHANICAL_DESIGN_GEOMETRIC_PRESENTATION_REPRESENTATION (  '', ( #66 ), #1331 ) ;
#336 = UNCERTAINTY_MEASURE_WITH_UNIT (LENGTH_MEASURE( 1.000000000000000082E-05 ), #1252, 'distance_accuracy_value', 'NONE');
#337 = FACE_OUTER_BOUND ( 'NONE', #1426, .T. ) ;
#338 = AXIS2_PLACEMENT_3D ( 'NONE', #1332, #1339, #1615 ) ;
#339 = CIRCLE ( 'NONE', #104, 0.07620000000000000384 ) ;
#340 = CARTESIAN_POINT ( 'NONE',  ( -0.9143999999999740114, 0.4826000000000000290, 0.4418000000000180116 ) ) ;
#341 = ORIENTED_EDGE ( 'NONE', *, *, #1898, .T. ) ;
#342 = FACE_OUTER_BOUND ( 'NONE', #617, .T. ) ;
#343 = CARTESIAN_POINT ( 'NONE',  ( -1.013299999999999867, 0.4826000000000000290, 0.6069000000000180917 ) ) ;
#344 = VECTOR ( 'NONE', #90, 1000.000000000000000 ) ;
#345 = FILL_AREA_STYLE_COLOUR ( '', #452 ) ;
#346 = LINE ( 'NONE', #643, #1455 ) ;
#347 = CARTESIAN_POINT ( 'NONE',  ( -0.8381999999999739659, 0.4826000000000000290, 0.5180000000000180016 ) ) ;
#348 = EDGE_CURVE ( 'NONE', #1852, #737, #1597, .T. ) ;
#349 = LINE ( 'NONE', #191, #446 ) ;
#350 = FILL_AREA_STYLE ('',( #679 ) ) ;
#351 = EDGE_CURVE ( 'NONE', #737, #1537, #187, .T. ) ;
#352 = ORIENTED_EDGE ( 'NONE', *, *, #1555, .F. ) ;
#353 = VECTOR ( 'NONE', #1782, 1000.000000000000000 ) ;
#354 =( NAMED_UNIT ( * ) PLANE_ANGLE_UNIT ( ) SI_UNIT ( $, .RADIAN. ) );
#355 = VERTEX_POINT ( 'NONE', #1956 ) ;
#356 =( LENGTH_UNIT ( ) NAMED_UNIT ( * ) SI_UNIT ( .MILLI., .METRE. ) );
#357 = PRESENTATION_STYLE_ASSIGNMENT (( #1465 ) ) ;
#358 = LINE ( 'NONE', #211, #1148 ) ;
#359 =( GEOMETRIC_REPRESENTATION_CONTEXT ( 3 ) GLOBAL_UNCERTAINTY_ASSIGNED_CONTEXT ( ( #732 ) ) GLOBAL_UNIT_ASSIGNED_CONTEXT ( ( #1469, #664, #63 ) ) REPRESENTATION_CONTEXT ( 'NONE', 'WORKASPACE' ) );
#360 =( NAMED_UNIT ( * ) SI_UNIT ( $, .STERADIAN. ) SOLID_ANGLE_UNIT ( ) );
#361 = AXIS2_PLACEMENT_3D ( 'NONE', #806, #1779, #373 ) ;
#362 = SURFACE_SIDE_STYLE ('',( #1443 ) ) ;
#363 = ORIENTED_EDGE ( 'NONE', *, *, #1568, .T. ) ;
#364 = SURFACE_STYLE_FILL_AREA ( #693 ) ;
#365 = DIRECTION ( 'NONE',  ( 0.000000000000000000, 1.000000000000000000, 0.000000000000000000 ) ) ;
#366 =( NAMED_UNIT ( * ) PLANE_ANGLE_UNIT ( ) SI_UNIT ( $, .RADIAN. ) );
#367 = STYLED_ITEM ( 'NONE', ( #1694 ), #1849 ) ;
#368 = DIRECTION ( 'NONE',  ( 0.000000000000000000, -1.000000000000000000, 0.000000000000000000 ) ) ;
#369 = APPLICATION_CONTEXT ( 'automotive_design' ) ;
#370 = EDGE_CURVE ( 'NONE', #1220, #936, #519, .T. ) ;
#371 = COLOUR_RGB ( '',1.000000000000000000, 1.000000000000000000, 1.000000000000000000 ) ;
#372 = VECTOR ( 'NONE', #1323, 1000.000000000000000 ) ;
#373 = DIRECTION ( 'NONE',  ( 0.000000000000000000, 0.000000000000000000, -1.000000000000000000 ) ) ;
#374 = EDGE_CURVE ( 'NONE', #2032, #1571, #988, .T. ) ;
#375 = AXIS2_PLACEMENT_3D ( 'NONE', #2009, #178, #805 ) ;
#376 = VERTEX_POINT ( 'NONE', #1167 ) ;
#377 = CARTESIAN_POINT ( 'NONE',  ( -0.8381999999999739659, 0.5895999999999999019, 0.4418000000000180116 ) ) ;
#378 = SURFACE_STYLE_USAGE ( .BOTH. , #1322 ) ;
#379 = CARTESIAN_POINT ( 'NONE',  ( 0.3999999999999999667, 0.01000000000000000021, -0.5000000000000000000 ) ) ;
#380 = LINE ( 'NONE', #875, #1486 ) ;
#381 = ORIENTED_EDGE ( 'NONE', *, *, #1420, .F. ) ;
#382 = EDGE_LOOP ( 'NONE', ( #1866, #541, #1429, #165 ) ) ;
#383 = FILL_AREA_STYLE_COLOUR ( '', #1106 ) ;
#384 = ADVANCED_FACE ( 'NONE', ( #342 ), #836, .F. ) ;
#385 = CARTESIAN_POINT ( 'NONE',  ( 0.8999999999999999112, 0.02000000000000000042, 0.5000000000000000000 ) ) ;
#386 =( NAMED_UNIT ( * ) PLANE_ANGLE_UNIT ( ) SI_UNIT ( $, .RADIAN. ) );
#387 = DIRECTION ( 'NONE',  ( 0.000000000000000000, 0.000000000000000000, 1.000000000000000000 ) ) ;
#388 = ORIENTED_EDGE ( 'NONE', *, *, #726, .F. ) ;
#389 = FILL_AREA_STYLE ('',( #570 ) ) ;
#390 = VECTOR ( 'NONE', #743, 1000.000000000000000 ) ;
#391 = ORIENTED_EDGE ( 'NONE', *, *, #1130, .T. ) ;
#392 = DIRECTION ( 'NONE',  ( 1.355252715606880543E-16, 0.000000000000000000, -1.000000000000000000 ) ) ;
#393 = DIRECTION ( 'NONE',  ( 0.000000000000000000, 1.000000000000000000, 0.000000000000000000 ) ) ;
#394 = AXIS2_PLACEMENT_3D ( 'NONE', #1401, #1573, #155 ) ;
#395 = CIRCLE ( 'NONE', #1861, 0.07620000000000000384 ) ;
#396 = UNCERTAINTY_MEASURE_WITH_UNIT (LENGTH_MEASURE( 1.000000000000000082E-05 ), #922, 'distance_accuracy_value', 'NONE');
#397 = PLANE ( 'NONE',  #1607 ) ;
#398 = FACE_OUTER_BOUND ( 'NONE', #1876, .T. ) ;
#399 = SURFACE_STYLE_FILL_AREA ( #389 ) ;
#400 = VECTOR ( 'NONE', #1985, 1000.000000000000000 ) ;
#401 = EDGE_LOOP ( 'NONE', ( #1231, #1978, #468, #1770 ) ) ;
#402 = PRESENTATION_LAYER_ASSIGNMENT (  '', '', ( #738 ) ) ;
#403 = CARTESIAN_POINT ( 'NONE',  ( 0.3999999999999998557, 0.02000000000000000042, 0.3000000000000000444 ) ) ;
#404 = VECTOR ( 'NONE', #1309, 1000.000000000000000 ) ;
#405 = STYLED_ITEM ( 'NONE', ( #357 ), #193 ) ;
#406 = CARTESIAN_POINT ( 'NONE',  ( 0.000000000000000000, 0.000000000000000000, 0.000000000000000000 ) ) ;
#407 = DIRECTION ( 'NONE',  ( -1.000000000000000000, -0.000000000000000000, -0.000000000000000000 ) ) ;
#408 = SURFACE_STYLE_USAGE ( .BOTH. , #1198 ) ;
#409 = CYLINDRICAL_SURFACE ( 'NONE', #604, 0.02000000000000005246 ) ;
#410 = DIRECTION ( 'NONE',  ( 0.000000000000000000, -1.000000000000000000, 0.000000000000000000 ) ) ;
#411 = FILL_AREA_STYLE ('',( #1338 ) ) ;
#412 = ORIENTED_EDGE ( 'NONE', *, *, #1532, .T. ) ;
#413 = CIRCLE ( 'NONE', #42, 0.02000000000000005246 ) ;
#414 = DIRECTION ( 'NONE',  ( 0.000000000000000000, 0.000000000000000000, -1.000000000000000000 ) ) ;
#415 = VERTEX_POINT ( 'NONE', #1913 ) ;
#416 = SURFACE_SIDE_STYLE ('',( #1191 ) ) ;
#417 = FILL_AREA_STYLE ('',( #1989 ) ) ;
#418 = SURFACE_SIDE_STYLE ('',( #1820 ) ) ;
#419 =( NAMED_UNIT ( * ) SI_UNIT ( $, .STERADIAN. ) SOLID_ANGLE_UNIT ( ) );
#420 = DIRECTION ( 'NONE',  ( -1.084202172485504434E-16, -0.000000000000000000, 1.000000000000000000 ) ) ;
#421 = EDGE_LOOP ( 'NONE', ( #1040, #491, #1897, #300 ) ) ;
#422 = AXIS2_PLACEMENT_3D ( 'NONE', #1258, #1880, #930 ) ;
#423 = CARTESIAN_POINT ( 'NONE',  ( 0.9043999999999999817, 0.4826000000000000290, 0.6069000000000180917 ) ) ;
#424 = PRESENTATION_LAYER_ASSIGNMENT (  '', '', ( #1316 ) ) ;
#425 = CARTESIAN_POINT ( 'NONE',  ( -1.003299999999971881, 0.6095999999999999197, 0.6068999999999700190 ) ) ;
#426 = DIRECTION ( 'NONE',  ( 0.000000000000000000, -1.000000000000000000, 0.000000000000000000 ) ) ;
#427 = EDGE_LOOP ( 'NONE', ( #1301, #1781, #207, #1887 ) ) ;
#428 = SURFACE_STYLE_FILL_AREA ( #595 ) ;
#429 =( GEOMETRIC_REPRESENTATION_CONTEXT ( 3 ) GLOBAL_UNCERTAINTY_ASSIGNED_CONTEXT ( ( #1147 ) ) GLOBAL_UNIT_ASSIGNED_CONTEXT ( ( #1371, #1214, #115 ) ) REPRESENTATION_CONTEXT ( 'NONE', 'WORKASPACE' ) );
#430 = CARTESIAN_POINT ( 'NONE',  ( 0.8281999999999999362, 0.4826000000000000290, -0.5579999999999699645 ) ) ;
#431 = EDGE_CURVE ( 'NONE', #1234, #602, #854, .T. ) ;
#432 = MECHANICAL_DESIGN_GEOMETRIC_PRESENTATION_REPRESENTATION (  '', ( #231 ), #1111 ) ;
#433 = ADVANCED_FACE ( 'NONE', ( #1001 ), #667, .T. ) ;
#434 = VECTOR ( 'NONE', #453, 1000.000000000000000 ) ;
#435 = UNCERTAINTY_MEASURE_WITH_UNIT (LENGTH_MEASURE( 1.000000000000000082E-05 ), #164, 'distance_accuracy_value', 'NONE');
#436 = DIRECTION ( 'NONE',  ( 1.000000000000000000, 0.000000000000000000, 0.000000000000000000 ) ) ;
#437 = AXIS2_PLACEMENT_3D ( 'NONE', #762, #616, #1854 ) ;
#438 = MECHANICAL_DESIGN_GEOMETRIC_PRESENTATION_REPRESENTATION (  '', ( #935 ), #1843 ) ;
#439 = COLOUR_RGB ( '',0.2509803921568627416, 0.2509803921568627416, 0.2509803921568627416 ) ;
#440 = AXIS2_PLACEMENT_3D ( 'NONE', #197, #1003, #1482 ) ;
#441 = VECTOR ( 'NONE', #811, 1000.000000000000000 ) ;
#442 = DIRECTION ( 'NONE',  ( 0.000000000000000000, 0.000000000000000000, -1.000000000000000000 ) ) ;
#443 = FILL_AREA_STYLE_COLOUR ( '', #1984 ) ;
#444 = LINE ( 'NONE', #753, #606 ) ;
#445 = DIRECTION ( 'NONE',  ( 0.000000000000000000, 0.000000000000000000, -1.000000000000000000 ) ) ;
#446 = VECTOR ( 'NONE', #1137, 1000.000000000000000 ) ;
#447 = CARTESIAN_POINT ( 'NONE',  ( 0.3999999999999998557, 0.01000000000000000021, 0.3000000000000000444 ) ) ;
#448 =( NAMED_UNIT ( * ) PLANE_ANGLE_UNIT ( ) SI_UNIT ( $, .RADIAN. ) );
#449 =( LENGTH_UNIT ( ) NAMED_UNIT ( * ) SI_UNIT ( .MILLI., .METRE. ) );
#450 = SURFACE_STYLE_USAGE ( .BOTH. , #2025 ) ;
#451 = EDGE_CURVE ( 'NONE', #1276, #653, #1178, .T. ) ;
#452 = COLOUR_RGB ( '',0.9686274509803921573, 0.8784313725490195957, 0.5999999999999999778 ) ;
#453 = DIRECTION ( 'NONE',  ( -1.000000000000000000, 0.000000000000000000, 0.000000000000000000 ) ) ;
#454 =( NAMED_UNIT ( * ) SI_UNIT ( $, .STERADIAN. ) SOLID_ANGLE_UNIT ( ) );
#455 = EDGE_CURVE ( 'NONE', #1220, #987, #601, .T. ) ;
#456 = DIRECTION ( 'NONE',  ( 0.000000000000000000, -1.000000000000000000, 0.000000000000000000 ) ) ;
#457 = CARTESIAN_POINT ( 'NONE',  ( -0.9000000000000001332, 0.01000000000000000021, 0.5000000000000000000 ) ) ;
#458 =( LENGTH_UNIT ( ) NAMED_UNIT ( * ) SI_UNIT ( .MILLI., .METRE. ) );
#459 = CIRCLE ( 'NONE', #1594, 0.05620000000000001383 ) ;
#460 = COLOUR_RGB ( '',0.9686274509803921573, 0.8784313725490195957, 0.5999999999999999778 ) ;
#461 = SURFACE_SIDE_STYLE ('',( #11 ) ) ;
#462 = UNCERTAINTY_MEASURE_WITH_UNIT (LENGTH_MEASURE( 1.000000000000000082E-05 ), #272, 'distance_accuracy_value', 'NONE');
#463 = DIRECTION ( 'NONE',  ( -0.000000000000000000, 1.000000000000000000, -0.000000000000000000 ) ) ;
#464 = MECHANICAL_DESIGN_GEOMETRIC_PRESENTATION_REPRESENTATION (  '', ( #1896 ), #599 ) ;
#465 = DIRECTION ( 'NONE',  ( 0.000000000000000000, 1.000000000000000000, 0.000000000000000000 ) ) ;
#466 = ADVANCED_FACE ( 'NONE', ( #1794 ), #1835, .F. ) ;
#467 = DIRECTION ( 'NONE',  ( 0.000000000000000000, 0.000000000000000000, -1.000000000000000000 ) ) ;
#468 = ORIENTED_EDGE ( 'NONE', *, *, #1, .F. ) ;
#469 = DIRECTION ( 'NONE',  ( -1.000000000000000000, -0.000000000000000000, -0.000000000000000000 ) ) ;
#470 = SURFACE_STYLE_USAGE ( .BOTH. , #1548 ) ;
#471 =( NAMED_UNIT ( * ) PLANE_ANGLE_UNIT ( ) SI_UNIT ( $, .RADIAN. ) );
#472 = SURFACE_STYLE_FILL_AREA ( #318 ) ;
#473 = STYLED_ITEM ( 'NONE', ( #1243 ), #1928 ) ;
#474 =( LENGTH_UNIT ( ) NAMED_UNIT ( * ) SI_UNIT ( .MILLI., .METRE. ) );
#475 = VECTOR ( 'NONE', #1697, 1000.000000000000000 ) ;
#476 = VERTEX_POINT ( 'NONE', #430 ) ;
#477 =( NAMED_UNIT ( * ) SI_UNIT ( $, .STERADIAN. ) SOLID_ANGLE_UNIT ( ) );
#478 = SURFACE_STYLE_USAGE ( .BOTH. , #1529 ) ;
#479 = DIRECTION ( 'NONE',  ( 0.000000000000000000, -1.000000000000000000, 0.000000000000000000 ) ) ;
#480 = STYLED_ITEM ( 'NONE', ( #887 ), #684 ) ;
#481 = CARTESIAN_POINT ( 'NONE',  ( -1.013299999999999867, 0.6095999999999999197, 0.6069000000000180917 ) ) ;
#482 = EDGE_CURVE ( 'NONE', #737, #1093, #84, .T. ) ;
#483 = VERTEX_POINT ( 'NONE', #1804 ) ;
#484 = EDGE_CURVE ( 'NONE', #1264, #54, #1524, .T. ) ;
#485 = CARTESIAN_POINT ( 'NONE',  ( 0.9932999999999738705, 0.02000000000000005246, 0.5306999999999699735 ) ) ;
#486 =( LENGTH_UNIT ( ) NAMED_UNIT ( * ) SI_UNIT ( .MILLI., .METRE. ) );
#487 = VERTEX_POINT ( 'NONE', #1681 ) ;
#488 = FILL_AREA_STYLE_COLOUR ( '', #1120 ) ;
#489 = ORIENTED_EDGE ( 'NONE', *, *, #1954, .T. ) ;
#490 = EDGE_CURVE ( 'NONE', #476, #936, #985, .T. ) ;
#491 = ORIENTED_EDGE ( 'NONE', *, *, #47, .T. ) ;
#492 = EDGE_CURVE ( 'NONE', #238, #1093, #822, .T. ) ;
#493 =( NAMED_UNIT ( * ) PLANE_ANGLE_UNIT ( ) SI_UNIT ( $, .RADIAN. ) );
#494 = VERTEX_POINT ( 'NONE', #580 ) ;
#495 = CARTESIAN_POINT ( 'NONE',  ( 0.8999999999999999112, 0.01000000000000000021, 0.5000000000000000000 ) ) ;
#496 = PLANE ( 'NONE',  #2012 ) ;
#497 = MECHANICAL_DESIGN_GEOMETRIC_PRESENTATION_REPRESENTATION (  '', ( #222 ), #1970 ) ;
#498 = SURFACE_STYLE_USAGE ( .BOTH. , #525 ) ;
#499 = STYLED_ITEM ( 'NONE', ( #824 ), #433 ) ;
#500 = COLOUR_RGB ( '',0.9686274509803921573, 0.8784313725490195957, 0.5999999999999999778 ) ;
#501 = DIRECTION ( 'NONE',  ( 0.000000000000000000, 1.000000000000000000, 0.000000000000000000 ) ) ;
#502 = ORIENTED_EDGE ( 'NONE', *, *, #451, .T. ) ;
#503 = ORIENTED_EDGE ( 'NONE', *, *, #370, .F. ) ;
#504 = CARTESIAN_POINT ( 'NONE',  ( 0.9170999999999739360, 0.4826000000000000290, 0.6069000000000180917 ) ) ;
#505 = CARTESIAN_POINT ( 'NONE',  ( 0.8843999999999999639, 0.5895999999999999019, -0.4317999999999694860 ) ) ;
#506 = VERTEX_POINT ( 'NONE', #93 ) ;
#507 = FILL_AREA_STYLE ('',( #345 ) ) ;
#508 = ORIENTED_EDGE ( 'NONE', *, *, #17, .T. ) ;
#509 = MECHANICAL_DESIGN_GEOMETRIC_PRESENTATION_REPRESENTATION (  '', ( #473 ), #429 ) ;
#510 = CARTESIAN_POINT ( 'NONE',  ( -1.013299999999999867, 0.4826000000000000290, 0.5180000000000180016 ) ) ;
#511 =( GEOMETRIC_REPRESENTATION_CONTEXT ( 3 ) GLOBAL_UNCERTAINTY_ASSIGNED_CONTEXT ( ( #575 ) ) GLOBAL_UNIT_ASSIGNED_CONTEXT ( ( #1075, #1558, #1381 ) ) REPRESENTATION_CONTEXT ( 'NONE', 'WORKASPACE' ) );
#512 = EDGE_CURVE ( 'NONE', #2032, #22, #224, .T. ) ;
#513 = CIRCLE ( 'NONE', #1082, 0.1261999999999999789 ) ;
#514 = VECTOR ( 'NONE', #46, 1000.000000000000000 ) ;
#515 = VECTOR ( 'NONE', #1352, 1000.000000000000000 ) ;
#516 =( NAMED_UNIT ( * ) SI_UNIT ( $, .STERADIAN. ) SOLID_ANGLE_UNIT ( ) );
#517 = CIRCLE ( 'NONE', #1009, 0.07620000000000000384 ) ;
#518 =( LENGTH_UNIT ( ) NAMED_UNIT ( * ) SI_UNIT ( .MILLI., .METRE. ) );
#519 = LINE ( 'NONE', #561, #89 ) ;
#520 = DIRECTION ( 'NONE',  ( 0.000000000000000000, 0.000000000000000000, 1.000000000000000000 ) ) ;
#521 = EDGE_CURVE ( 'NONE', #846, #1762, #1660, .T. ) ;
#522 = DIRECTION ( 'NONE',  ( 0.000000000000000000, -1.000000000000000000, 0.000000000000000000 ) ) ;
#523 = AXIS2_PLACEMENT_3D ( 'NONE', #343, #234, #218 ) ;
#524 = DIRECTION ( 'NONE',  ( 0.000000000000000000, 1.000000000000000000, 0.000000000000000000 ) ) ;
#525 = SURFACE_SIDE_STYLE ('',( #1921 ) ) ;
#526 = AXIS2_PLACEMENT_3D ( 'NONE', #1933, #1292, #36 ) ;
#527 = ORIENTED_EDGE ( 'NONE', *, *, #798, .T. ) ;
#528 =( LENGTH_UNIT ( ) NAMED_UNIT ( * ) SI_UNIT ( .MILLI., .METRE. ) );
#529 = PRESENTATION_STYLE_ASSIGNMENT (( #1916 ) ) ;
#530 =( NAMED_UNIT ( * ) PLANE_ANGLE_UNIT ( ) SI_UNIT ( $, .RADIAN. ) );
#531 = STYLED_ITEM ( 'NONE', ( #265 ), #226 ) ;
#532 = EDGE_CURVE ( 'NONE', #1836, #856, #1283, .T. ) ;
#533 = VERTEX_POINT ( 'NONE', #447 ) ;
#534 = AXIS2_PLACEMENT_3D ( 'NONE', #793, #917, #1535 ) ;
#535 = DIRECTION ( 'NONE',  ( 0.000000000000000000, 0.000000000000000000, 1.000000000000000000 ) ) ;
#536 = VERTEX_POINT ( 'NONE', #125 ) ;
#537 = FILL_AREA_STYLE_COLOUR ( '', #296 ) ;
#538 = PRODUCT_RELATED_PRODUCT_CATEGORY ( 'part', '', ( #1010 ) ) ;
#539 = DIRECTION ( 'NONE',  ( 1.000000000000000000, 0.000000000000000000, 0.000000000000000000 ) ) ;
#540 = FILL_AREA_STYLE ('',( #45 ) ) ;
#541 = ORIENTED_EDGE ( 'NONE', *, *, #1251, .F. ) ;
#542 = DIRECTION ( 'NONE',  ( 0.000000000000000000, 0.000000000000000000, 1.000000000000000000 ) ) ;
#543 = DIRECTION ( 'NONE',  ( -1.000000000000000000, 0.000000000000000000, 0.000000000000000000 ) ) ;
#544 = STYLED_ITEM ( 'NONE', ( #1305 ), #976 ) ;
#545 = MECHANICAL_DESIGN_GEOMETRIC_PRESENTATION_REPRESENTATION (  '', ( #367 ), #1287 ) ;
#546 = DIRECTION ( 'NONE',  ( 0.000000000000000000, 1.000000000000000000, 0.000000000000000000 ) ) ;
#547 = ORIENTED_EDGE ( 'NONE', *, *, #754, .T. ) ;
#548 =( NAMED_UNIT ( * ) PLANE_ANGLE_UNIT ( ) SI_UNIT ( $, .RADIAN. ) );
#549 = PRESENTATION_LAYER_ASSIGNMENT (  '', '', ( #703 ) ) ;
#550 = VERTEX_POINT ( 'NONE', #1255 ) ;
#551 = STYLED_ITEM ( 'NONE', ( #568 ), #1621 ) ;
#552 = AXIS2_PLACEMENT_3D ( 'NONE', #180, #188, #818 ) ;
#553 = PRESENTATION_LAYER_ASSIGNMENT (  '', '', ( #1114 ) ) ;
#554 = CARTESIAN_POINT ( 'NONE',  ( -0.9143999999999740114, 0.5895999999999999019, -0.4317999999999694305 ) ) ;
#555 = ADVANCED_FACE ( 'NONE', ( #1393 ), #1552, .F. ) ;
#556 = ORIENTED_EDGE ( 'NONE', *, *, #21, .T. ) ;
#557 = FILL_AREA_STYLE ('',( #1626 ) ) ;
#558 = UNCERTAINTY_MEASURE_WITH_UNIT (LENGTH_MEASURE( 1.000000000000000082E-05 ), #196, 'distance_accuracy_value', 'NONE');
#559 = PRESENTATION_LAYER_ASSIGNMENT (  '', '', ( #1432 ) ) ;
#560 = UNCERTAINTY_MEASURE_WITH_UNIT (LENGTH_MEASURE( 1.000000000000000082E-05 ), #1704, 'distance_accuracy_value', 'NONE');
#561 = CARTESIAN_POINT ( 'NONE',  ( 0.8281999999999999362, 0.4826000000000000290, -0.5079999999999699201 ) ) ;
#562 = EDGE_CURVE ( 'NONE', #1312, #1000, #1435, .T. ) ;
#563 = FILL_AREA_STYLE ('',( #383 ) ) ;
#564 = CARTESIAN_POINT ( 'NONE',  ( 0.8281999999999998252, 0.5326000000000000734, 0.5180000000000180016 ) ) ;
#565 = FILL_AREA_STYLE ('',( #236 ) ) ;
#566 =( LENGTH_UNIT ( ) NAMED_UNIT ( * ) SI_UNIT ( .MILLI., .METRE. ) );
#567 =( LENGTH_UNIT ( ) NAMED_UNIT ( * ) SI_UNIT ( .MILLI., .METRE. ) );
#568 = PRESENTATION_STYLE_ASSIGNMENT (( #81 ) ) ;
#569 = EDGE_LOOP ( 'NONE', ( #707, #273, #852, #1950 ) ) ;
#570 = FILL_AREA_STYLE_COLOUR ( '', #863 ) ;
#571 =( GEOMETRIC_REPRESENTATION_CONTEXT ( 3 ) GLOBAL_UNCERTAINTY_ASSIGNED_CONTEXT ( ( #2019 ) ) GLOBAL_UNIT_ASSIGNED_CONTEXT ( ( #1248, #167, #650 ) ) REPRESENTATION_CONTEXT ( 'NONE', 'WORKASPACE' ) );
#572 = STYLED_ITEM ( 'NONE', ( #755 ), #466 ) ;
#573 = SURFACE_STYLE_FILL_AREA ( #1850 ) ;
#574 = DIRECTION ( 'NONE',  ( 0.000000000000000000, 0.000000000000000000, 1.000000000000000000 ) ) ;
#575 = UNCERTAINTY_MEASURE_WITH_UNIT (LENGTH_MEASURE( 1.000000000000000082E-05 ), #1075, 'distance_accuracy_value', 'NONE');
#576 = LINE ( 'NONE', #170, #1256 ) ;
#577 = FACE_OUTER_BOUND ( 'NONE', #995, .T. ) ;
#578 = CARTESIAN_POINT ( 'NONE',  ( -0.9143999999999740114, 0.5326000000000000734, 0.4418000000000180116 ) ) ;
#579 = PRESENTATION_LAYER_ASSIGNMENT (  '', '', ( #298 ) ) ;
#580 = CARTESIAN_POINT ( 'NONE',  ( -0.8943999999999738826, 0.6095999999999999197, -0.4317999999999694860 ) ) ;
#581 = STYLED_ITEM ( 'NONE', ( #1076 ), #1628 ) ;
#582 =( NAMED_UNIT ( * ) PLANE_ANGLE_UNIT ( ) SI_UNIT ( $, .RADIAN. ) );
#583 = CIRCLE ( 'NONE', #552, 0.07620000000000000384 ) ;
#584 = FACE_OUTER_BOUND ( 'NONE', #837, .T. ) ;
#585 =( NAMED_UNIT ( * ) PLANE_ANGLE_UNIT ( ) SI_UNIT ( $, .RADIAN. ) );
#586 = ORIENTED_EDGE ( 'NONE', *, *, #1369, .F. ) ;
#587 = EDGE_CURVE ( 'NONE', #1154, #1605, #1063, .T. ) ;
#588 = FILL_AREA_STYLE_COLOUR ( '', #1184 ) ;
#589 = FILL_AREA_STYLE_COLOUR ( '', #1389 ) ;
#590 =( NAMED_UNIT ( * ) SI_UNIT ( $, .STERADIAN. ) SOLID_ANGLE_UNIT ( ) );
#591 = LINE ( 'NONE', #1199, #256 ) ;
#592 = EDGE_LOOP ( 'NONE', ( #412, #1965, #1756, #1163 ) ) ;
#593 = DIRECTION ( 'NONE',  ( -0.000000000000000000, 0.000000000000000000, 1.000000000000000000 ) ) ;
#594 = EDGE_CURVE ( 'NONE', #1112, #1335, #1612, .T. ) ;
#595 = FILL_AREA_STYLE ('',( #2016 ) ) ;
#596 = SURFACE_SIDE_STYLE ('',( #1518 ) ) ;
#597 = AXIS2_PLACEMENT_3D ( 'NONE', #1113, #1860, #310 ) ;
#598 =( LENGTH_UNIT ( ) NAMED_UNIT ( * ) SI_UNIT ( .MILLI., .METRE. ) );
#599 =( GEOMETRIC_REPRESENTATION_CONTEXT ( 3 ) GLOBAL_UNCERTAINTY_ASSIGNED_CONTEXT ( ( #1192 ) ) GLOBAL_UNIT_ASSIGNED_CONTEXT ( ( #1160, #386, #1983 ) ) REPRESENTATION_CONTEXT ( 'NONE', 'WORKASPACE' ) );
#600 = SURFACE_SIDE_STYLE ('',( #1997 ) ) ;
#601 = CIRCLE ( 'NONE', #1833, 0.07620000000000000384 ) ;
#602 = VERTEX_POINT ( 'NONE', #1689 ) ;
#603 = DIRECTION ( 'NONE',  ( -1.000000000000000000, 0.000000000000000000, 0.000000000000000000 ) ) ;
#604 = AXIS2_PLACEMENT_3D ( 'NONE', #623, #777, #436 ) ;
#605 =( NAMED_UNIT ( * ) SI_UNIT ( $, .STERADIAN. ) SOLID_ANGLE_UNIT ( ) );
#606 = VECTOR ( 'NONE', #1379, 1000.000000000000000 ) ;
#607 = EDGE_CURVE ( 'NONE', #812, #1220, #742, .T. ) ;
#608 = COLOUR_RGB ( '',1.000000000000000000, 1.000000000000000000, 1.000000000000000000 ) ;
#609 = FACE_OUTER_BOUND ( 'NONE', #698, .T. ) ;
#610 = CARTESIAN_POINT ( 'NONE',  ( 0.9043999999999999817, 0.5326000000000000734, -0.4317999999999694860 ) ) ;
#611 = VECTOR ( 'NONE', #1019, 1000.000000000000000 ) ;
#612 = ORIENTED_EDGE ( 'NONE', *, *, #107, .T. ) ;
#613 = VECTOR ( 'NONE', #724, 1000.000000000000000 ) ;
#614 = AXIS2_PLACEMENT_3D ( 'NONE', #283, #127, #1395 ) ;
#615 = DIRECTION ( 'NONE',  ( -1.000000000000000000, 0.000000000000000000, -1.084202172485504557E-16 ) ) ;
#616 = DIRECTION ( 'NONE',  ( 0.000000000000000000, -1.000000000000000000, 0.000000000000000000 ) ) ;
#617 = EDGE_LOOP ( 'NONE', ( #1271, #1506, #963, #140 ) ) ;
#618 = DIRECTION ( 'NONE',  ( -1.000000000000000000, 0.000000000000000000, 0.000000000000000000 ) ) ;
#619 = DIRECTION ( 'NONE',  ( 0.000000000000000000, 0.000000000000000000, 1.000000000000000000 ) ) ;
#620 = ORIENTED_EDGE ( 'NONE', *, *, #1760, .T. ) ;
#621 = ADVANCED_FACE ( 'NONE', ( #1245 ), #14, .T. ) ;
#622 = CARTESIAN_POINT ( 'NONE',  ( 0.5999999999999998668, 0.01000000000000000021, 0.4999999999999998890 ) ) ;
#623 = CARTESIAN_POINT ( 'NONE',  ( -0.8943999999999738826, 0.5895999999999999019, 0.6069000000000180917 ) ) ;
#624 = CARTESIAN_POINT ( 'NONE',  ( 0.3999999999999999667, 0.02000000000000000042, -0.5000000000000000000 ) ) ;
#625 = DIRECTION ( 'NONE',  ( -1.000000000000000000, 0.000000000000000000, 0.000000000000000000 ) ) ;
#626 = DIRECTION ( 'NONE',  ( -0.000000000000000000, 0.000000000000000000, 1.000000000000000000 ) ) ;
#627 = DIRECTION ( 'NONE',  ( -0.000000000000000000, 1.000000000000000000, -0.000000000000000000 ) ) ;
#628 = VERTEX_POINT ( 'NONE', #185 ) ;
#629 = UNCERTAINTY_MEASURE_WITH_UNIT (LENGTH_MEASURE( 1.000000000000000082E-05 ), #1042, 'distance_accuracy_value', 'NONE');
#630 = TOROIDAL_SURFACE ( 'NONE', #1731, 0.05619999999999999996, 0.02000000000000000042 ) ;
#631 = EDGE_LOOP ( 'NONE', ( #213, #154, #2039, #1080, #586 ) ) ;
#632 = SURFACE_STYLE_USAGE ( .BOTH. , #923 ) ;
#633 = EDGE_CURVE ( 'NONE', #1836, #2032, #1745, .T. ) ;
#634 = DIRECTION ( 'NONE',  ( 0.000000000000000000, -1.000000000000000000, 0.000000000000000000 ) ) ;
#635 = ORIENTED_EDGE ( 'NONE', *, *, #1378, .F. ) ;
#636 = FILL_AREA_STYLE ('',( #162 ) ) ;
#637 = SURFACE_STYLE_USAGE ( .BOTH. , #1089 ) ;
#638 = DIRECTION ( 'NONE',  ( 0.000000000000000000, 1.000000000000000000, 0.000000000000000000 ) ) ;
#639 = FILL_AREA_STYLE ('',( #1566 ) ) ;
#640 = SURFACE_STYLE_FILL_AREA ( #1408 ) ;
#641 = CIRCLE ( 'NONE', #1145, 0.05000000000000002359 ) ;
#642 =( GEOMETRIC_REPRESENTATION_CONTEXT ( 3 ) GLOBAL_UNCERTAINTY_ASSIGNED_CONTEXT ( ( #396 ) ) GLOBAL_UNIT_ASSIGNED_CONTEXT ( ( #922, #1693, #477 ) ) REPRESENTATION_CONTEXT ( 'NONE', 'WORKASPACE' ) );
#643 = CARTESIAN_POINT ( 'NONE',  ( 0.5999999999999998668, 0.01000000000000000021, 0.4999999999999998890 ) ) ;
#644 = STYLED_ITEM ( 'NONE', ( #1919 ), #1685 ) ;
#645 = AXIS2_PLACEMENT_3D ( 'NONE', #1586, #501, #1109 ) ;
#646 = ADVANCED_FACE ( 'NONE', ( #655 ), #971, .F. ) ;
#647 = SURFACE_STYLE_USAGE ( .BOTH. , #5 ) ;
#648 = EDGE_CURVE ( 'NONE', #1234, #43, #641, .T. ) ;
#649 = SURFACE_STYLE_USAGE ( .BOTH. , #1857 ) ;
#650 =( NAMED_UNIT ( * ) SI_UNIT ( $, .STERADIAN. ) SOLID_ANGLE_UNIT ( ) );
#651 =( NAMED_UNIT ( * ) SI_UNIT ( $, .STERADIAN. ) SOLID_ANGLE_UNIT ( ) );
#652 = CARTESIAN_POINT ( 'NONE',  ( -0.8381999999999739659, 0.4826000000000000290, 0.4418000000000180116 ) ) ;
#653 = VERTEX_POINT ( 'NONE', #1807 ) ;
#654 = EDGE_CURVE ( 'NONE', #1373, #1312, #1367, .T. ) ;
#655 = FACE_OUTER_BOUND ( 'NONE', #126, .T. ) ;
#656 = ORIENTED_EDGE ( 'NONE', *, *, #374, .F. ) ;
#657 = SURFACE_STYLE_USAGE ( .BOTH. , #1869 ) ;
#658 = VECTOR ( 'NONE', #1604, 1000.000000000000000 ) ;
#659 = ADVANCED_FACE ( 'NONE', ( #1988 ), #906, .F. ) ;
#660 = ORIENTED_EDGE ( 'NONE', *, *, #13, .F. ) ;
#661 = ORIENTED_EDGE ( 'NONE', *, *, #1751, .F. ) ;
#662 = COLOUR_RGB ( '',0.9686274509803921573, 0.8784313725490195957, 0.5999999999999999778 ) ;
#663 =( NAMED_UNIT ( * ) PLANE_ANGLE_UNIT ( ) SI_UNIT ( $, .RADIAN. ) );
#664 =( NAMED_UNIT ( * ) PLANE_ANGLE_UNIT ( ) SI_UNIT ( $, .RADIAN. ) );
#665 = ORIENTED_EDGE ( 'NONE', *, *, #1476, .T. ) ;
#666 = TOROIDAL_SURFACE ( 'NONE', #1773, 0.05619999999999999996, 0.02000000000000000042 ) ;
#667 = PLANE ( 'NONE',  #699 ) ;
#668 = EDGE_CURVE ( 'NONE', #856, #1234, #1826, .T. ) ;
#669 = DIRECTION ( 'NONE',  ( 1.000000000000000000, 0.000000000000000000, 1.979863240089145225E-14 ) ) ;
#670 = ORIENTED_EDGE ( 'NONE', *, *, #85, .F. ) ;
#671 = FILL_AREA_STYLE_COLOUR ( '', #1536 ) ;
#672 = DIRECTION ( 'NONE',  ( -1.000000000000000000, 0.000000000000000000, 0.000000000000000000 ) ) ;
#673 = FILL_AREA_STYLE_COLOUR ( '', #741 ) ;
#674 =( GEOMETRIC_REPRESENTATION_CONTEXT ( 3 ) GLOBAL_UNCERTAINTY_ASSIGNED_CONTEXT ( ( #1708 ) ) GLOBAL_UNIT_ASSIGNED_CONTEXT ( ( #1648, #1152, #1926 ) ) REPRESENTATION_CONTEXT ( 'NONE', 'WORKASPACE' ) );
#675 = FILL_AREA_STYLE_COLOUR ( '', #1911 ) ;
#676 = VECTOR ( 'NONE', #1517, 1000.000000000000000 ) ;
#677 = CIRCLE ( 'NONE', #831, 0.02000000000000005246 ) ;
#678 = FILL_AREA_STYLE_COLOUR ( '', #1953 ) ;
#679 = FILL_AREA_STYLE_COLOUR ( '', #371 ) ;
#680 = FILL_AREA_STYLE_COLOUR ( '', #1507 ) ;
#681 = CARTESIAN_POINT ( 'NONE',  ( 0.8281999999999999362, 0.5895999999999999019, -0.5079999999999699201 ) ) ;
#682 = ORIENTED_EDGE ( 'NONE', *, *, #521, .T. ) ;
#683 = DIRECTION ( 'NONE',  ( -0.000000000000000000, -1.000000000000000000, -0.000000000000000000 ) ) ;
#684 = ADVANCED_FACE ( 'NONE', ( #584 ), #1327, .T. ) ;
#685 = CARTESIAN_POINT ( 'NONE',  ( 0.9932999999999738705, 0.4826000000000000290, -0.5968999999999700101 ) ) ;
#686 = CARTESIAN_POINT ( 'NONE',  ( -0.9643999999999740558, 0.4826000000000000290, 0.4418000000000180116 ) ) ;
#687 = COLOUR_RGB ( '',0.2509803921568627416, 0.2509803921568627416, 0.2509803921568627416 ) ;
#688 = DIRECTION ( 'NONE',  ( 0.000000000000000000, 0.000000000000000000, 1.000000000000000000 ) ) ;
#689 = PLANE ( 'NONE',  #1359 ) ;
#690 = ORIENTED_EDGE ( 'NONE', *, *, #607, .F. ) ;
#691 = CARTESIAN_POINT ( 'NONE',  ( -1.013299999999999867, 0.4826000000000000290, -0.5968999999999700101 ) ) ;
#692 = EDGE_LOOP ( 'NONE', ( #1207, #1101, #1025, #874, #682, #1489, #1028, #1651 ) ) ;
#693 = FILL_AREA_STYLE ('',( #671 ) ) ;
#694 =( NAMED_UNIT ( * ) SI_UNIT ( $, .STERADIAN. ) SOLID_ANGLE_UNIT ( ) );
#695 = EDGE_CURVE ( 'NONE', #939, #653, #339, .T. ) ;
#696 =( LENGTH_UNIT ( ) NAMED_UNIT ( * ) SI_UNIT ( .MILLI., .METRE. ) );
#697 = EDGE_CURVE ( 'NONE', #506, #1696, #1534, .T. ) ;
#698 = EDGE_LOOP ( 'NONE', ( #229, #184, #1929, #1459 ) ) ;
#699 = AXIS2_PLACEMENT_3D ( 'NONE', #34, #1471, #1667 ) ;
#700 = ORIENTED_EDGE ( 'NONE', *, *, #1333, .T. ) ;
#701 = CARTESIAN_POINT ( 'NONE',  ( -0.9143999999999740114, 0.5895999999999999019, 0.4418000000000180116 ) ) ;
#702 = DIRECTION ( 'NONE',  ( 0.000000000000000000, 0.000000000000000000, -1.000000000000000000 ) ) ;
#703 = STYLED_ITEM ( 'NONE', ( #1241 ), #1487 ) ;
#704 = CARTESIAN_POINT ( 'NONE',  ( -0.8381999999999739659, 0.5326000000000000734, 0.5680000000000180460 ) ) ;
#705 = DIRECTION ( 'NONE',  ( 1.000000000000000000, 0.000000000000000000, -0.000000000000000000 ) ) ;
#706 = SURFACE_SIDE_STYLE ('',( #1774 ) ) ;
#707 = ORIENTED_EDGE ( 'NONE', *, *, #1268, .T. ) ;
#708 =( GEOMETRIC_REPRESENTATION_CONTEXT ( 3 ) GLOBAL_UNCERTAINTY_ASSIGNED_CONTEXT ( ( #60 ) ) GLOBAL_UNIT_ASSIGNED_CONTEXT ( ( #1585, #1908, #516 ) ) REPRESENTATION_CONTEXT ( 'NONE', 'WORKASPACE' ) );
#709 = AXIS2_PLACEMENT_3D ( 'NONE', #1269, #932, #1567 ) ;
#710 = MECHANICAL_DESIGN_GEOMETRIC_PRESENTATION_REPRESENTATION (  '', ( #138 ), #1845 ) ;
#711 = STYLED_ITEM ( 'NONE', ( #120 ), #646 ) ;
#712 =( NAMED_UNIT ( * ) SI_UNIT ( $, .STERADIAN. ) SOLID_ANGLE_UNIT ( ) );
#713 = CARTESIAN_POINT ( 'NONE',  ( 0.8281999999999999362, 0.5326000000000000734, 0.5180000000000180016 ) ) ;
#714 = ORIENTED_EDGE ( 'NONE', *, *, #532, .T. ) ;
#715 = DIRECTION ( 'NONE',  ( 0.000000000000000000, 0.000000000000000000, -1.000000000000000000 ) ) ;
#716 = CARTESIAN_POINT ( 'NONE',  ( -0.8381999999999739659, 0.5895999999999999019, 0.5180000000000180016 ) ) ;
#717 = UNCERTAINTY_MEASURE_WITH_UNIT (LENGTH_MEASURE( 1.000000000000000082E-05 ), #1046, 'distance_accuracy_value', 'NONE');
#718 = ORIENTED_EDGE ( 'NONE', *, *, #1227, .T. ) ;
#719 =( NAMED_UNIT ( * ) PLANE_ANGLE_UNIT ( ) SI_UNIT ( $, .RADIAN. ) );
#720 = CYLINDRICAL_SURFACE ( 'NONE', #1810, 0.05000000000000002359 ) ;
#721 = CYLINDRICAL_SURFACE ( 'NONE', #1450, 0.07620000000000000384 ) ;
#722 = PLANE ( 'NONE',  #921 ) ;
#723 = ORIENTED_EDGE ( 'NONE', *, *, #492, .T. ) ;
#724 = DIRECTION ( 'NONE',  ( 1.000000000000000000, -0.000000000000000000, -0.000000000000000000 ) ) ;
#725 = DIRECTION ( 'NONE',  ( 0.000000000000000000, 0.000000000000000000, -1.000000000000000000 ) ) ;
#726 = EDGE_CURVE ( 'NONE', #1205, #1915, #784, .T. ) ;
#727 = MECHANICAL_DESIGN_GEOMETRIC_PRESENTATION_REPRESENTATION (  '', ( #1172 ), #359 ) ;
#728 =( NAMED_UNIT ( * ) SI_UNIT ( $, .STERADIAN. ) SOLID_ANGLE_UNIT ( ) );
#729 = LINE ( 'NONE', #578, #131 ) ;
#730 = AXIS2_PLACEMENT_3D ( 'NONE', #425, #889, #880 ) ;
#731 = DIRECTION ( 'NONE',  ( 0.000000000000000000, 1.000000000000000000, 0.000000000000000000 ) ) ;
#732 = UNCERTAINTY_MEASURE_WITH_UNIT (LENGTH_MEASURE( 1.000000000000000082E-05 ), #1469, 'distance_accuracy_value', 'NONE');
#733 = PRESENTATION_LAYER_ASSIGNMENT (  '', '', ( #763 ) ) ;
#734 = DIRECTION ( 'NONE',  ( 0.000000000000000000, 0.000000000000000000, 1.000000000000000000 ) ) ;
#735 = LINE ( 'NONE', #924, #1805 ) ;
#736 =( NAMED_UNIT ( * ) PLANE_ANGLE_UNIT ( ) SI_UNIT ( $, .RADIAN. ) );
#737 = VERTEX_POINT ( 'NONE', #166 ) ;
#738 = STYLED_ITEM ( 'NONE', ( #1830 ), #1431 ) ;
#739 = FILL_AREA_STYLE_COLOUR ( '', #957 ) ;
#740 = PRESENTATION_LAYER_ASSIGNMENT (  '', '', ( #1053 ) ) ;
#741 = COLOUR_RGB ( '',0.9686274509803921573, 0.8784313725490195957, 0.5999999999999999778 ) ;
#742 = CIRCLE ( 'NONE', #1581, 0.01999999999999999695 ) ;
#743 = DIRECTION ( 'NONE',  ( -0.000000000000000000, 1.000000000000000000, -0.000000000000000000 ) ) ;
#744 = DIRECTION ( 'NONE',  ( 0.000000000000000000, 0.000000000000000000, 1.000000000000000000 ) ) ;
#745 = EDGE_LOOP ( 'NONE', ( #1630, #872, #24, #502 ) ) ;
#746 = SURFACE_SIDE_STYLE ('',( #1960 ) ) ;
#747 = DIRECTION ( 'NONE',  ( 0.000000000000000000, 0.000000000000000000, -1.000000000000000000 ) ) ;
#748 = CARTESIAN_POINT ( 'NONE',  ( -0.4000000000000000777, 0.01000000000000000021, 0.5000000000000000000 ) ) ;
#749 = DIRECTION ( 'NONE',  ( 0.000000000000000000, 0.000000000000000000, -1.000000000000000000 ) ) ;
#750 = UNCERTAINTY_MEASURE_WITH_UNIT (LENGTH_MEASURE( 1.000000000000000082E-05 ), #1888, 'distance_accuracy_value', 'NONE');
#751 = SURFACE_SIDE_STYLE ('',( #98 ) ) ;
#752 = FILL_AREA_STYLE ('',( #1657 ) ) ;
#753 = CARTESIAN_POINT ( 'NONE',  ( -0.4000000000000000777, 0.01000000000000000021, 0.5000000000000000000 ) ) ;
#754 = EDGE_CURVE ( 'NONE', #835, #1496, #1260, .T. ) ;
#755 = PRESENTATION_STYLE_ASSIGNMENT (( #233 ) ) ;
#756 = ORIENTED_EDGE ( 'NONE', *, *, #1760, .F. ) ;
#757 = FILL_AREA_STYLE_COLOUR ( '', #1365 ) ;
#758 = LINE ( 'NONE', #1225, #390 ) ;
#759 = FACE_OUTER_BOUND ( 'NONE', #1755, .T. ) ;
#760 = PRESENTATION_STYLE_ASSIGNMENT (( #1725 ) ) ;
#761 = FILL_AREA_STYLE ('',( #136 ) ) ;
#762 = CARTESIAN_POINT ( 'NONE',  ( -1.003299999999973879, 0.6095999999999999197, -0.5968999999999700101 ) ) ;
#763 = STYLED_ITEM ( 'NONE', ( #1684 ), #969 ) ;
#764 = DIRECTION ( 'NONE',  ( 0.000000000000000000, 0.000000000000000000, 1.000000000000000000 ) ) ;
#765 = AXIS2_PLACEMENT_3D ( 'NONE', #208, #479, #37 ) ;
#766 = ORIENTED_EDGE ( 'NONE', *, *, #1119, .F. ) ;
#767 = PRESENTATION_LAYER_ASSIGNMENT (  '', '', ( #1483 ) ) ;
#768 = UNCERTAINTY_MEASURE_WITH_UNIT (LENGTH_MEASURE( 1.000000000000000082E-05 ), #449, 'distance_accuracy_value', 'NONE');
#769 =( NAMED_UNIT ( * ) SI_UNIT ( $, .STERADIAN. ) SOLID_ANGLE_UNIT ( ) );
#770 = ORIENTED_EDGE ( 'NONE', *, *, #348, .T. ) ;
#771 = COLOUR_RGB ( '',1.000000000000000000, 1.000000000000000000, 1.000000000000000000 ) ;
#772 = SURFACE_SIDE_STYLE ('',( #1272 ) ) ;
#773 = LINE ( 'NONE', #1822, #171 ) ;
#774 = CARTESIAN_POINT ( 'NONE',  ( -1.013299999999999867, 0.5895999999999999019, 0.4980000000000179838 ) ) ;
#775 = CARTESIAN_POINT ( 'NONE',  ( 0.9544000000000000261, 0.5326000000000000734, -0.4317999999999694860 ) ) ;
#776 = LINE ( 'NONE', #168, #1222 ) ;
#777 = DIRECTION ( 'NONE',  ( 0.000000000000000000, 0.000000000000000000, 1.000000000000000000 ) ) ;
#778 = CARTESIAN_POINT ( 'NONE',  ( -0.9143999999999740114, 0.4826000000000000290, -0.4317999999999694860 ) ) ;
#779 = CIRCLE ( 'NONE', #114, 0.07620000000000000384 ) ;
#780 = CARTESIAN_POINT ( 'NONE',  ( -0.4000000000000000777, 0.01000000000000000021, 0.5000000000000000000 ) ) ;
#781 = FACE_BOUND ( 'NONE', #1750, .T. ) ;
#782 = FILL_AREA_STYLE_COLOUR ( '', #103 ) ;
#783 = COLOUR_RGB ( '',0.9686274509803921573, 0.8784313725490195957, 0.5999999999999999778 ) ;
#784 = LINE ( 'NONE', #2023, #967 ) ;
#785 = PRESENTATION_LAYER_ASSIGNMENT (  '', '', ( #252 ) ) ;
#786 = PRESENTATION_STYLE_ASSIGNMENT (( #2036 ) ) ;
#787 = STYLED_ITEM ( 'NONE', ( #1347 ), #865 ) ;
#788 = LINE ( 'NONE', #1074, #1151 ) ;
#789 =( NAMED_UNIT ( * ) PLANE_ANGLE_UNIT ( ) SI_UNIT ( $, .RADIAN. ) );
#790 = CYLINDRICAL_SURFACE ( 'NONE', #855, 0.07620000000000000384 ) ;
#791 = DIRECTION ( 'NONE',  ( -1.000000000000000000, 0.000000000000000000, 0.000000000000000000 ) ) ;
#792 = DIRECTION ( 'NONE',  ( -1.000000000000000000, -0.000000000000000000, -3.614007241618347785E-16 ) ) ;
#793 = CARTESIAN_POINT ( 'NONE',  ( -0.9643999999999740558, 0.5326000000000000734, 0.6069000000000180917 ) ) ;
#794 = VECTOR ( 'NONE', #627, 1000.000000000000000 ) ;
#795 = DIRECTION ( 'NONE',  ( 1.084202172485504434E-16, 0.000000000000000000, -1.000000000000000000 ) ) ;
#796 = MECHANICAL_DESIGN_GEOMETRIC_PRESENTATION_REPRESENTATION (  '', ( #1483 ), #172 ) ;
#797 = LINE ( 'NONE', #954, #8 ) ;
#798 = EDGE_CURVE ( 'NONE', #173, #1696, #1701, .T. ) ;
#799 =( NAMED_UNIT ( * ) PLANE_ANGLE_UNIT ( ) SI_UNIT ( $, .RADIAN. ) );
#800 = CIRCLE ( 'NONE', #1948, 0.02000000000000005246 ) ;
#801 = CLOSED_SHELL ( 'NONE', ( #1628, #621, #1821, #843, #1100, #1204, #466, #1240, #1153, #1738, #859, #1265, #1685, #1928, #1849, #226, #1584, #1649, #332, #1422, #1487, #193, #433, #1362, #384, #1520, #976, #659, #1501, #1307, #288, #555, #275, #1057, #2002, #1621, #646, #1103, #113, #1431, #865, #809, #1732, #684, #969, #910 ) ) ;
#802 =( GEOMETRIC_REPRESENTATION_CONTEXT ( 3 ) GLOBAL_UNCERTAINTY_ASSIGNED_CONTEXT ( ( #435 ) ) GLOBAL_UNIT_ASSIGNED_CONTEXT ( ( #164, #141, #913 ) ) REPRESENTATION_CONTEXT ( 'NONE', 'WORKASPACE' ) );
#803 = ORIENTED_EDGE ( 'NONE', *, *, #876, .F. ) ;
#804 = VERTEX_POINT ( 'NONE', #610 ) ;
#805 = DIRECTION ( 'NONE',  ( 0.000000000000000000, 0.000000000000000000, -1.000000000000000000 ) ) ;
#806 = CARTESIAN_POINT ( 'NONE',  ( -1.003299999999973879, 0.4826000000000000290, -0.5968999999999700101 ) ) ;
#807 =( NAMED_UNIT ( * ) PLANE_ANGLE_UNIT ( ) SI_UNIT ( $, .RADIAN. ) );
#808 = UNCERTAINTY_MEASURE_WITH_UNIT (LENGTH_MEASURE( 1.000000000000000082E-05 ), #1105, 'distance_accuracy_value', 'NONE');
#809 = ADVANCED_FACE ( 'NONE', ( #929 ), #144, .T. ) ;
#810 = DIRECTION ( 'NONE',  ( 0.000000000000000000, 0.000000000000000000, 1.000000000000000000 ) ) ;
#811 = DIRECTION ( 'NONE',  ( 0.000000000000000000, 1.000000000000000000, 0.000000000000000000 ) ) ;
#812 = VERTEX_POINT ( 'NONE', #960 ) ;
#813 = EDGE_CURVE ( 'NONE', #1226, #276, #517, .T. ) ;
#814 = FILL_AREA_STYLE_COLOUR ( '', #439 ) ;
#815 = CIRCLE ( 'NONE', #1346, 0.05000000000000002359 ) ;
#816 = EDGE_LOOP ( 'NONE', ( #1763, #1941, #67, #756 ) ) ;
#817 = DIRECTION ( 'NONE',  ( 0.000000000000000000, 0.000000000000000000, 1.000000000000000000 ) ) ;
#818 = DIRECTION ( 'NONE',  ( 0.000000000000000000, 0.000000000000000000, 1.000000000000000000 ) ) ;
#819 = FACE_OUTER_BOUND ( 'NONE', #382, .T. ) ;
#820 = FACE_OUTER_BOUND ( 'NONE', #401, .T. ) ;
#821 = PRESENTATION_LAYER_ASSIGNMENT (  '', '', ( #572 ) ) ;
#822 = CIRCLE ( 'NONE', #1385, 0.07620000000000000384 ) ;
#823 = ORIENTED_EDGE ( 'NONE', *, *, #1715, .T. ) ;
#824 = PRESENTATION_STYLE_ASSIGNMENT (( #1461 ) ) ;
#825 = VERTEX_POINT ( 'NONE', #1257 ) ;
#826 = SURFACE_SIDE_STYLE ('',( #364 ) ) ;
#827 = DIRECTION ( 'NONE',  ( -0.000000000000000000, 1.000000000000000000, -0.000000000000000000 ) ) ;
#828 = CARTESIAN_POINT ( 'NONE',  ( 0.9544000000000002482, 0.4826000000000000290, 0.4418000000000180116 ) ) ;
#829 = MECHANICAL_DESIGN_GEOMETRIC_PRESENTATION_REPRESENTATION (  '', ( #298 ), #1877 ) ;
#830 = CARTESIAN_POINT ( 'NONE',  ( 0.8843999999999999639, 0.6095999999999999197, -0.4317999999999694305 ) ) ;
#831 = AXIS2_PLACEMENT_3D ( 'NONE', #1814, #861, #734 ) ;
#832 = DIRECTION ( 'NONE',  ( 0.000000000000000000, 0.000000000000000000, 1.000000000000000000 ) ) ;
#833 =( GEOMETRIC_REPRESENTATION_CONTEXT ( 3 ) GLOBAL_UNCERTAINTY_ASSIGNED_CONTEXT ( ( #285 ) ) GLOBAL_UNIT_ASSIGNED_CONTEXT ( ( #1784, #1368, #907 ) ) REPRESENTATION_CONTEXT ( 'NONE', 'WORKASPACE' ) );
#834 = FACE_OUTER_BOUND ( 'NONE', #1590, .T. ) ;
#835 = VERTEX_POINT ( 'NONE', #485 ) ;
#836 = PLANE ( 'NONE',  #289 ) ;
#837 = EDGE_LOOP ( 'NONE', ( #851, #1848, #845, #1383 ) ) ;
#838 = SURFACE_STYLE_USAGE ( .BOTH. , #826 ) ;
#839 = SURFACE_SIDE_STYLE ('',( #209 ) ) ;
#840 = LINE ( 'NONE', #347, #53 ) ;
#841 = LINE ( 'NONE', #1467, #1217 ) ;
#842 =( GEOMETRIC_REPRESENTATION_CONTEXT ( 3 ) GLOBAL_UNCERTAINTY_ASSIGNED_CONTEXT ( ( #1348 ) ) GLOBAL_UNIT_ASSIGNED_CONTEXT ( ( #486, #493, #972 ) ) REPRESENTATION_CONTEXT ( 'NONE', 'WORKASPACE' ) );
#843 = ADVANCED_FACE ( 'NONE', ( #1859 ), #198, .F. ) ;
#844 = ORIENTED_EDGE ( 'NONE', *, *, #62, .T. ) ;
#845 = ORIENTED_EDGE ( 'NONE', *, *, #512, .F. ) ;
#846 = VERTEX_POINT ( 'NONE', #686 ) ;
#847 = CARTESIAN_POINT ( 'NONE',  ( -0.9000000000000001332, 0.01000000000000000021, 0.5000000000000000000 ) ) ;
#848 = EDGE_CURVE ( 'NONE', #235, #856, #840, .T. ) ;
#849 = SURFACE_STYLE_FILL_AREA ( #1135 ) ;
#850 = PRODUCT_DEFINITION_CONTEXT ( 'detailed design', #369, 'design' ) ;
#851 = ORIENTED_EDGE ( 'NONE', *, *, #1593, .T. ) ;
#852 = ORIENTED_EDGE ( 'NONE', *, *, #320, .F. ) ;
#853 = CIRCLE ( 'NONE', #1735, 0.07620000000000000384 ) ;
#854 = LINE ( 'NONE', #1313, #984 ) ;
#855 = AXIS2_PLACEMENT_3D ( 'NONE', #41, #546, #688 ) ;
#856 = VERTEX_POINT ( 'NONE', #975 ) ;
#857 = DIRECTION ( 'NONE',  ( -1.000000000000000000, 0.000000000000000000, -0.000000000000000000 ) ) ;
#858 = AXIS2_PLACEMENT_3D ( 'NONE', #286, #463, #1717 ) ;
#859 = ADVANCED_FACE ( 'NONE', ( #819 ), #1759, .F. ) ;
#860 = AXIS2_PLACEMENT_3D ( 'NONE', #1360, #410, #442 ) ;
#861 = DIRECTION ( 'NONE',  ( -1.000000000000000000, 0.000000000000000000, 0.000000000000000000 ) ) ;
#862 = AXIS2_PLACEMENT_3D ( 'NONE', #1299, #1266, #810 ) ;
#863 = COLOUR_RGB ( '',0.7921568627450980005, 0.8196078431372548767, 0.9333333333333333481 ) ;
#864 = CIRCLE ( 'NONE', #71, 0.05000000000000002359 ) ;
#865 = ADVANCED_FACE ( 'NONE', ( #1641 ), #630, .T. ) ;
#866 = CARTESIAN_POINT ( 'NONE',  ( -0.9000000000000000222, 0.02000000000000000042, -0.5000000000000000000 ) ) ;
#867 = PRESENTATION_STYLE_ASSIGNMENT (( #1180 ) ) ;
#868 = SURFACE_STYLE_USAGE ( .BOTH. , #87 ) ;
#869 = SURFACE_STYLE_FILL_AREA ( #565 ) ;
#870 = DIRECTION ( 'NONE',  ( 0.000000000000000000, 1.000000000000000000, 0.000000000000000000 ) ) ;
#871 = UNCERTAINTY_MEASURE_WITH_UNIT (LENGTH_MEASURE( 1.000000000000000082E-05 ), #696, 'distance_accuracy_value', 'NONE');
#872 = ORIENTED_EDGE ( 'NONE', *, *, #1002, .F. ) ;
#873 = DIRECTION ( 'NONE',  ( 1.000000000000000000, 0.000000000000000000, 0.000000000000000000 ) ) ;
#874 = ORIENTED_EDGE ( 'NONE', *, *, #1044, .T. ) ;
#875 = CARTESIAN_POINT ( 'NONE',  ( -1.003299999999973879, 0.02000000000000005246, -0.5868999999999700012 ) ) ;
#876 = EDGE_CURVE ( 'NONE', #1112, #415, #591, .T. ) ;
#877 = CARTESIAN_POINT ( 'NONE',  ( 0.9932999999999999607, 0.6095999999999999197, -0.5206999999999699646 ) ) ;
#878 = PRESENTATION_STYLE_ASSIGNMENT (( #95 ) ) ;
#879 = CARTESIAN_POINT ( 'NONE',  ( 0.8281999999999999362, 0.5326000000000000734, 0.5680000000000180460 ) ) ;
#880 = DIRECTION ( 'NONE',  ( 0.000000000000000000, 0.000000000000000000, -1.000000000000000000 ) ) ;
#881 =( LENGTH_UNIT ( ) NAMED_UNIT ( * ) SI_UNIT ( .MILLI., .METRE. ) );
#882 = SURFACE_STYLE_USAGE ( .BOTH. , #1541 ) ;
#883 = DIRECTION ( 'NONE',  ( 0.000000000000000000, 0.000000000000000000, -1.000000000000000000 ) ) ;
#884 = EDGE_CURVE ( 'NONE', #22, #1154, #1415, .T. ) ;
#885 = ORIENTED_EDGE ( 'NONE', *, *, #654, .F. ) ;
#886 = CARTESIAN_POINT ( 'NONE',  ( 0.8281999999999999362, 0.5326000000000000734, 0.4418000000000180116 ) ) ;
#887 = PRESENTATION_STYLE_ASSIGNMENT (( #1663 ) ) ;
#888 = CYLINDRICAL_SURFACE ( 'NONE', #534, 0.05000000000000002359 ) ;
#889 = DIRECTION ( 'NONE',  ( 0.000000000000000000, -1.000000000000000000, 0.000000000000000000 ) ) ;
#890 = DIRECTION ( 'NONE',  ( 0.7071067811865473507, 0.000000000000000000, -0.7071067811865477948 ) ) ;
#891 = VECTOR ( 'NONE', #1687, 1000.000000000000000 ) ;
#892 = ORIENTED_EDGE ( 'NONE', *, *, #455, .F. ) ;
#893 = AXIS2_PLACEMENT_3D ( 'NONE', #244, #1996, #749 ) ;
#894 = PRESENTATION_LAYER_ASSIGNMENT (  '', '', ( #1290 ) ) ;
#895 = CARTESIAN_POINT ( 'NONE',  ( -0.9000000000000001332, 0.01000000000000000021, 0.5000000000000000000 ) ) ;
#896 =( GEOMETRIC_REPRESENTATION_CONTEXT ( 3 ) GLOBAL_UNCERTAINTY_ASSIGNED_CONTEXT ( ( #1893 ) ) GLOBAL_UNIT_ASSIGNED_CONTEXT ( ( #881, #1706, #2 ) ) REPRESENTATION_CONTEXT ( 'NONE', 'WORKASPACE' ) );
#897 = ORIENTED_EDGE ( 'NONE', *, *, #848, .T. ) ;
#898 = VECTOR ( 'NONE', #169, 1000.000000000000000 ) ;
#899 = FILL_AREA_STYLE ('',( #1344 ) ) ;
#900 = DIRECTION ( 'NONE',  ( -1.000000000000000000, 0.000000000000000000, 0.000000000000000000 ) ) ;
#901 = PRESENTATION_STYLE_ASSIGNMENT (( #1521 ) ) ;
#902 = CARTESIAN_POINT ( 'NONE',  ( -1.003299999999971881, 0.02000000000000005246, 0.5306999999999699735 ) ) ;
#903 = LINE ( 'NONE', #307, #475 ) ;
#904 = CARTESIAN_POINT ( 'NONE',  ( 0.8281999999999999362, 0.5326000000000000734, -0.5579999999999699645 ) ) ;
#905 = ORIENTED_EDGE ( 'NONE', *, *, #668, .T. ) ;
#906 = PLANE ( 'NONE',  #206 ) ;
#907 =( NAMED_UNIT ( * ) SI_UNIT ( $, .STERADIAN. ) SOLID_ANGLE_UNIT ( ) );
#908 = CIRCLE ( 'NONE', #1522, 0.1261999999999999789 ) ;
#909 = ORIENTED_EDGE ( 'NONE', *, *, #220, .T. ) ;
#910 = ADVANCED_FACE ( 'NONE', ( #1809 ), #409, .T. ) ;
#911 = CARTESIAN_POINT ( 'NONE',  ( 0.9170999999999740471, 0.02000000000000005246, 0.6069000000000180917 ) ) ;
#912 = DIRECTION ( 'NONE',  ( 0.000000000000000000, -0.000000000000000000, -1.000000000000000000 ) ) ;
#913 =( NAMED_UNIT ( * ) SI_UNIT ( $, .STERADIAN. ) SOLID_ANGLE_UNIT ( ) );
#914 = MECHANICAL_DESIGN_GEOMETRIC_PRESENTATION_REPRESENTATION (  '', ( #1828 ), #571 ) ;
#915 = AXIS2_PLACEMENT_3D ( 'NONE', #406, #1825, #1968 ) ;
#916 = ORIENTED_EDGE ( 'NONE', *, *, #21, .F. ) ;
#917 = DIRECTION ( 'NONE',  ( -0.000000000000000000, 0.000000000000000000, 1.000000000000000000 ) ) ;
#918 = CARTESIAN_POINT ( 'NONE',  ( 0.9170999999999740471, 0.02000000000000005246, -0.5968999999999700101 ) ) ;
#919 = PRESENTATION_LAYER_ASSIGNMENT (  '', '', ( #1250 ) ) ;
#920 = VECTOR ( 'NONE', #392, 1000.000000000000000 ) ;
#921 = AXIS2_PLACEMENT_3D ( 'NONE', #481, #1108, #2031 ) ;
#922 =( LENGTH_UNIT ( ) NAMED_UNIT ( * ) SI_UNIT ( .MILLI., .METRE. ) );
#923 = SURFACE_SIDE_STYLE ('',( #312 ) ) ;
#924 = CARTESIAN_POINT ( 'NONE',  ( -0.9000000000000000222, 0.01000000000000000021, -0.5000000000000000000 ) ) ;
#925 = PRESENTATION_LAYER_ASSIGNMENT (  '', '', ( #473 ) ) ;
#926 = PRESENTATION_STYLE_ASSIGNMENT (( #649 ) ) ;
#927 = ORIENTED_EDGE ( 'NONE', *, *, #587, .T. ) ;
#928 = EDGE_CURVE ( 'NONE', #804, #936, #1741, .T. ) ;
#929 = FACE_OUTER_BOUND ( 'NONE', #592, .T. ) ;
#930 = DIRECTION ( 'NONE',  ( 1.000000000000000000, 0.000000000000000000, 0.000000000000000000 ) ) ;
#931 = AXIS2_PLACEMENT_3D ( 'NONE', #1087, #1559, #912 ) ;
#932 = DIRECTION ( 'NONE',  ( 0.000000000000000000, 0.000000000000000000, -1.000000000000000000 ) ) ;
#933 = UNCERTAINTY_MEASURE_WITH_UNIT (LENGTH_MEASURE( 1.000000000000000082E-05 ), #1670, 'distance_accuracy_value', 'NONE');
#934 = DIRECTION ( 'NONE',  ( 0.000000000000000000, 1.000000000000000000, 0.000000000000000000 ) ) ;
#935 = STYLED_ITEM ( 'NONE', ( #1081 ), #809 ) ;
#936 = VERTEX_POINT ( 'NONE', #1428 ) ;
#937 = DIRECTION ( 'NONE',  ( -1.000000000000000000, -0.000000000000000000, -3.614007241618347785E-16 ) ) ;
#938 = CARTESIAN_POINT ( 'NONE',  ( 0.9932999999999999607, 0.4826000000000000290, 0.6069000000000180917 ) ) ;
#939 = VERTEX_POINT ( 'NONE', #918 ) ;
#940 = DIRECTION ( 'NONE',  ( 0.000000000000000000, -1.000000000000000000, 0.000000000000000000 ) ) ;
#941 = EDGE_CURVE ( 'NONE', #306, #628, #297, .T. ) ;
#942 = ORIENTED_EDGE ( 'NONE', *, *, #928, .T. ) ;
#943 = DIRECTION ( 'NONE',  ( -1.000000000000000000, 0.000000000000000000, 0.000000000000000000 ) ) ;
#944 =( NAMED_UNIT ( * ) PLANE_ANGLE_UNIT ( ) SI_UNIT ( $, .RADIAN. ) );
#945 = ORIENTED_EDGE ( 'NONE', *, *, #813, .T. ) ;
#946 = LINE ( 'NONE', #1872, #434 ) ;
#947 =( LENGTH_UNIT ( ) NAMED_UNIT ( * ) SI_UNIT ( .MILLI., .METRE. ) );
#948 = CARTESIAN_POINT ( 'NONE',  ( -0.8381999999999739659, 0.5326000000000000734, -0.4317999999999694860 ) ) ;
#949 = ORIENTED_EDGE ( 'NONE', *, *, #941, .F. ) ;
#950 = CARTESIAN_POINT ( 'NONE',  ( -0.8381999999999739659, 0.5895999999999999019, 0.4418000000000180116 ) ) ;
#951 = CARTESIAN_POINT ( 'NONE',  ( 0.9000000000000000222, 0.01000000000000000021, -0.5000000000000000000 ) ) ;
#952 =( NAMED_UNIT ( * ) SI_UNIT ( $, .STERADIAN. ) SOLID_ANGLE_UNIT ( ) );
#953 = COLOUR_RGB ( '',1.000000000000000000, 1.000000000000000000, 1.000000000000000000 ) ;
#954 = CARTESIAN_POINT ( 'NONE',  ( 0.8999999999999999112, 0.01000000000000000021, 0.5000000000000000000 ) ) ;
#955 = DIRECTION ( 'NONE',  ( 0.000000000000000000, -1.000000000000000000, 0.000000000000000000 ) ) ;
#956 =( GEOMETRIC_REPRESENTATION_CONTEXT ( 3 ) GLOBAL_UNCERTAINTY_ASSIGNED_CONTEXT ( ( #225 ) ) GLOBAL_UNIT_ASSIGNED_CONTEXT ( ( #223, #1958, #1806 ) ) REPRESENTATION_CONTEXT ( 'NONE', 'WORKASPACE' ) );
#957 = COLOUR_RGB ( '',0.2509803921568627416, 0.2509803921568627416, 0.2509803921568627416 ) ;
#958 = ORIENTED_EDGE ( 'NONE', *, *, #1168, .T. ) ;
#959 = ORIENTED_EDGE ( 'NONE', *, *, #1898, .F. ) ;
#960 = CARTESIAN_POINT ( 'NONE',  ( 0.8281999999999999362, 0.6095999999999999197, -0.4879999999999694582 ) ) ;
#961 = VECTOR ( 'NONE', #326, 1000.000000000000000 ) ;
#962 =( LENGTH_UNIT ( ) NAMED_UNIT ( * ) SI_UNIT ( .MILLI., .METRE. ) );
#963 = ORIENTED_EDGE ( 'NONE', *, *, #1939, .F. ) ;
#964 = DIRECTION ( 'NONE',  ( -1.000000000000000000, 0.000000000000000000, 0.000000000000000000 ) ) ;
#965 =( GEOMETRIC_REPRESENTATION_CONTEXT ( 3 ) GLOBAL_UNCERTAINTY_ASSIGNED_CONTEXT ( ( #717 ) ) GLOBAL_UNIT_ASSIGNED_CONTEXT ( ( #1046, #719, #248 ) ) REPRESENTATION_CONTEXT ( 'NONE', 'WORKASPACE' ) );
#966 =( LENGTH_UNIT ( ) NAMED_UNIT ( * ) SI_UNIT ( .MILLI., .METRE. ) );
#967 = VECTOR ( 'NONE', #1868, 1000.000000000000000 ) ;
#968 = STYLED_ITEM ( 'NONE', ( #1072 ), #1153 ) ;
#969 = ADVANCED_FACE ( 'NONE', ( #2011 ), #666, .T. ) ;
#970 = FILL_AREA_STYLE ('',( #1423 ) ) ;
#971 = CYLINDRICAL_SURFACE ( 'NONE', #893, 0.05000000000000002359 ) ;
#972 =( NAMED_UNIT ( * ) SI_UNIT ( $, .STERADIAN. ) SOLID_ANGLE_UNIT ( ) );
#973 = SURFACE_SIDE_STYLE ('',( #1118 ) ) ;
#974 = DIRECTION ( 'NONE',  ( -0.7071067811865477948, 0.000000000000000000, -0.7071067811865473507 ) ) ;
#975 = CARTESIAN_POINT ( 'NONE',  ( -0.8381999999999739659, 0.5326000000000000734, 0.5180000000000180016 ) ) ;
#976 = ADVANCED_FACE ( 'NONE', ( #121 ), #331, .F. ) ;
#977 = CIRCLE ( 'NONE', #1438, 0.1262000000000000344 ) ;
#978 =( NAMED_UNIT ( * ) SI_UNIT ( $, .STERADIAN. ) SOLID_ANGLE_UNIT ( ) );
#979 = PRESENTATION_STYLE_ASSIGNMENT (( #1171 ) ) ;
#980 = MECHANICAL_DESIGN_GEOMETRIC_PRESENTATION_REPRESENTATION (  '', ( #787 ), #1070 ) ;
#981 = DIRECTION ( 'NONE',  ( -0.000000000000000000, 1.000000000000000000, -0.000000000000000000 ) ) ;
#982 = DIRECTION ( 'NONE',  ( -1.084202172485504434E-16, -0.000000000000000000, 1.000000000000000000 ) ) ;
#983 = FILL_AREA_STYLE_COLOUR ( '', #83 ) ;
#984 = VECTOR ( 'NONE', #1930, 1000.000000000000000 ) ;
#985 = CIRCLE ( 'NONE', #1107, 0.05000000000000002359 ) ;
#986 = EDGE_LOOP ( 'NONE', ( #134, #1544, #1121, #363 ) ) ;
#987 = VERTEX_POINT ( 'NONE', #1314 ) ;
#988 = LINE ( 'NONE', #554, #1281 ) ;
#989 =( NAMED_UNIT ( * ) SI_UNIT ( $, .STERADIAN. ) SOLID_ANGLE_UNIT ( ) );
#990 = FILL_AREA_STYLE ('',( #673 ) ) ;
#991 = PRESENTATION_LAYER_ASSIGNMENT (  '', '', ( #551 ) ) ;
#992 = ORIENTED_EDGE ( 'NONE', *, *, #374, .T. ) ;
#993 = AXIS2_PLACEMENT_3D ( 'NONE', #950, #638, #1404 ) ;
#994 = ORIENTED_EDGE ( 'NONE', *, *, #1219, .T. ) ;
#995 = EDGE_LOOP ( 'NONE', ( #1656, #1304, #1131, #1938 ) ) ;
#996 = DIRECTION ( 'NONE',  ( 1.000000000000000000, 0.000000000000000000, 1.355252715606880789E-16 ) ) ;
#997 = EDGE_CURVE ( 'NONE', #1571, #415, #779, .T. ) ;
#998 = FILL_AREA_STYLE_COLOUR ( '', #1049 ) ;
#999 = FACE_OUTER_BOUND ( 'NONE', #816, .T. ) ;
#1000 = VERTEX_POINT ( 'NONE', #1924 ) ;
#1001 = FACE_OUTER_BOUND ( 'NONE', #986, .T. ) ;
#1002 = EDGE_CURVE ( 'NONE', #1537, #939, #1142, .T. ) ;
#1003 = DIRECTION ( 'NONE',  ( 0.000000000000000000, 1.000000000000000000, 0.000000000000000000 ) ) ;
#1004 = FILL_AREA_STYLE_COLOUR ( '', #1764 ) ;
#1005 = UNCERTAINTY_MEASURE_WITH_UNIT (LENGTH_MEASURE( 1.000000000000000082E-05 ), #474, 'distance_accuracy_value', 'NONE');
#1006 = ORIENTED_EDGE ( 'NONE', *, *, #1464, .T. ) ;
#1007 = ORIENTED_EDGE ( 'NONE', *, *, #1274, .T. ) ;
#1008 = SURFACE_STYLE_USAGE ( .BOTH. , #1488 ) ;
#1009 = AXIS2_PLACEMENT_3D ( 'NONE', #2035, #1396, #1235 ) ;
#1010 = PRODUCT ( 'ABS06N-32.768kHz-T', 'ABS06N-32.768kHz-T', '', ( #1015 ) ) ;
#1011 = VECTOR ( 'NONE', #883, 1000.000000000000000 ) ;
#1012 =( GEOMETRIC_REPRESENTATION_CONTEXT ( 3 ) GLOBAL_UNCERTAINTY_ASSIGNED_CONTEXT ( ( #1643 ) ) GLOBAL_UNIT_ASSIGNED_CONTEXT ( ( #518, #736, #153 ) ) REPRESENTATION_CONTEXT ( 'NONE', 'WORKASPACE' ) );
#1013 = DIRECTION ( 'NONE',  ( 0.000000000000000000, 0.000000000000000000, -1.000000000000000000 ) ) ;
#1014 =( GEOMETRIC_REPRESENTATION_CONTEXT ( 3 ) GLOBAL_UNCERTAINTY_ASSIGNED_CONTEXT ( ( #1005 ) ) GLOBAL_UNIT_ASSIGNED_CONTEXT ( ( #474, #944, #952 ) ) REPRESENTATION_CONTEXT ( 'NONE', 'WORKASPACE' ) );
#1015 = PRODUCT_CONTEXT ( 'NONE', #299, 'mechanical' ) ;
#1016 = LINE ( 'NONE', #716, #1611 ) ;
#1017 = VECTOR ( 'NONE', #1069, 1000.000000000000000 ) ;
#1018 = CARTESIAN_POINT ( 'NONE',  ( -0.9000000000000000222, 0.01000000000000000021, -0.5000000000000000000 ) ) ;
#1019 = DIRECTION ( 'NONE',  ( 0.000000000000000000, -0.000000000000000000, 1.000000000000000000 ) ) ;
#1020 = AXIS2_PLACEMENT_3D ( 'NONE', #228, #1992, #1973 ) ;
#1021 = VECTOR ( 'NONE', #827, 1000.000000000000000 ) ;
#1022 = DIRECTION ( 'NONE',  ( -1.000000000000000000, 0.000000000000000000, 0.000000000000000000 ) ) ;
#1023 = ORIENTED_EDGE ( 'NONE', *, *, #1587, .F. ) ;
#1024 = SURFACE_SIDE_STYLE ('',( #1647 ) ) ;
#1025 = ORIENTED_EDGE ( 'NONE', *, *, #305, .T. ) ;
#1026 = EDGE_CURVE ( 'NONE', #235, #2032, #1856, .T. ) ;
#1027 = FACE_OUTER_BOUND ( 'NONE', #1613, .T. ) ;
#1028 = ORIENTED_EDGE ( 'NONE', *, *, #1587, .T. ) ;
#1029 = DIRECTION ( 'NONE',  ( 0.000000000000000000, -1.000000000000000000, 0.000000000000000000 ) ) ;
#1030 = PRESENTATION_STYLE_ASSIGNMENT (( #1499 ) ) ;
#1031 = FILL_AREA_STYLE_COLOUR ( '', #1170 ) ;
#1032 = SURFACE_STYLE_USAGE ( .BOTH. , #751 ) ;
#1033 = PRESENTATION_LAYER_ASSIGNMENT (  '', '', ( #531 ) ) ;
#1034 = CARTESIAN_POINT ( 'NONE',  ( 0.8281999999999999362, 0.6095999999999999197, 0.4980000000000179838 ) ) ;
#1035 = CARTESIAN_POINT ( 'NONE',  ( -1.003299999999999859, 0.4826000000000000290, 0.6069000000000180917 ) ) ;
#1036 = TOROIDAL_SURFACE ( 'NONE', #597, 0.1262000000000000066, 0.05000000000000000278 ) ;
#1037 = COLOUR_RGB ( '',1.000000000000000000, 1.000000000000000000, 1.000000000000000000 ) ;
#1038 = CARTESIAN_POINT ( 'NONE',  ( 0.8281999999999999362, 0.5895999999999999019, -0.4317999999999694860 ) ) ;
#1039 = EDGE_CURVE ( 'NONE', #1762, #1894, #908, .T. ) ;
#1040 = ORIENTED_EDGE ( 'NONE', *, *, #1168, .F. ) ;
#1041 = MECHANICAL_DESIGN_GEOMETRIC_PRESENTATION_REPRESENTATION (  '', ( #1632 ), #956 ) ;
#1042 =( LENGTH_UNIT ( ) NAMED_UNIT ( * ) SI_UNIT ( .MILLI., .METRE. ) );
#1043 = CARTESIAN_POINT ( 'NONE',  ( -0.8943999999999738826, 0.6095999999999999197, 0.4418000000000180116 ) ) ;
#1044 = EDGE_CURVE ( 'NONE', #355, #846, #977, .T. ) ;
#1045 = SURFACE_SIDE_STYLE ('',( #1357 ) ) ;
#1046 =( LENGTH_UNIT ( ) NAMED_UNIT ( * ) SI_UNIT ( .MILLI., .METRE. ) );
#1047 = LINE ( 'NONE', #278, #1570 ) ;
#1048 = MECHANICAL_DESIGN_GEOMETRIC_PRESENTATION_REPRESENTATION (  '', ( #1114 ), #802 ) ;
#1049 = COLOUR_RGB ( '',0.7921568627450980005, 0.8196078431372548767, 0.9333333333333333481 ) ;
#1050 = ORIENTED_EDGE ( 'NONE', *, *, #1378, .T. ) ;
#1051 =( LENGTH_UNIT ( ) NAMED_UNIT ( * ) SI_UNIT ( .MILLI., .METRE. ) );
#1052 = CARTESIAN_POINT ( 'NONE',  ( -0.9270999999999740560, 0.6095999999999999197, -0.5968999999999700101 ) ) ;
#1053 = STYLED_ITEM ( 'NONE', ( #1885 ), #1732 ) ;
#1054 = ORIENTED_EDGE ( 'NONE', *, *, #13, .T. ) ;
#1055 = COLOUR_RGB ( '',0.2509803921568627416, 0.2509803921568627416, 0.2509803921568627416 ) ;
#1056 = VECTOR ( 'NONE', #857, 1000.000000000000000 ) ;
#1057 = ADVANCED_FACE ( 'NONE', ( #1736 ), #186, .F. ) ;
#1058 = DIRECTION ( 'NONE',  ( 0.000000000000000000, 0.000000000000000000, 1.000000000000000000 ) ) ;
#1059 = CARTESIAN_POINT ( 'NONE',  ( -0.9000000000000001332, 0.01000000000000000021, 0.5000000000000000000 ) ) ;
#1060 =( NAMED_UNIT ( * ) PLANE_ANGLE_UNIT ( ) SI_UNIT ( $, .RADIAN. ) );
#1061 =( NAMED_UNIT ( * ) PLANE_ANGLE_UNIT ( ) SI_UNIT ( $, .RADIAN. ) );
#1062 = FACE_OUTER_BOUND ( 'NONE', #745, .T. ) ;
#1063 = LINE ( 'NONE', #315, #961 ) ;
#1064 = DIRECTION ( 'NONE',  ( 1.000000000000000000, -0.000000000000000000, 0.000000000000000000 ) ) ;
#1065 = FACE_OUTER_BOUND ( 'NONE', #427, .T. ) ;
#1066 = SURFACE_SIDE_STYLE ('',( #1239 ) ) ;
#1067 = PRESENTATION_STYLE_ASSIGNMENT (( #1228 ) ) ;
#1068 = EDGE_CURVE ( 'NONE', #536, #812, #1592, .T. ) ;
#1069 = DIRECTION ( 'NONE',  ( 1.084202172485504434E-16, 0.000000000000000000, -1.000000000000000000 ) ) ;
#1070 =( GEOMETRIC_REPRESENTATION_CONTEXT ( 3 ) GLOBAL_UNCERTAINTY_ASSIGNED_CONTEXT ( ( #1792 ) ) GLOBAL_UNIT_ASSIGNED_CONTEXT ( ( #566, #1376, #1998 ) ) REPRESENTATION_CONTEXT ( 'NONE', 'WORKASPACE' ) );
#1071 = FILL_AREA_STYLE_COLOUR ( '', #953 ) ;
#1072 = PRESENTATION_STYLE_ASSIGNMENT (( #23 ) ) ;
#1073 = CARTESIAN_POINT ( 'NONE',  ( -0.9000000000000001332, 0.02000000000000000042, 0.5000000000000000000 ) ) ;
#1074 = CARTESIAN_POINT ( 'NONE',  ( 0.9043999999999999817, 0.5326000000000000734, -0.4317999999999694305 ) ) ;
#1075 =( LENGTH_UNIT ( ) NAMED_UNIT ( * ) SI_UNIT ( .MILLI., .METRE. ) );
#1076 = PRESENTATION_STYLE_ASSIGNMENT (( #478 ) ) ;
#1077 =( LENGTH_UNIT ( ) NAMED_UNIT ( * ) SI_UNIT ( .MILLI., .METRE. ) );
#1078 = LINE ( 'NONE', #895, #676 ) ;
#1079 = SURFACE_STYLE_FILL_AREA ( #1233 ) ;
#1080 = ORIENTED_EDGE ( 'NONE', *, *, #1865, .F. ) ;
#1081 = PRESENTATION_STYLE_ASSIGNMENT (( #470 ) ) ;
#1082 = AXIS2_PLACEMENT_3D ( 'NONE', #1539, #137, #1399 ) ;
#1083 = DIRECTION ( 'NONE',  ( 0.000000000000000000, -1.000000000000000000, 0.000000000000000000 ) ) ;
#1084 = AXIS2_PLACEMENT_3D ( 'NONE', #1409, #333, #964 ) ;
#1085 =( GEOMETRIC_REPRESENTATION_CONTEXT ( 3 ) GLOBAL_UNCERTAINTY_ASSIGNED_CONTEXT ( ( #933 ) ) GLOBAL_UNIT_ASSIGNED_CONTEXT ( ( #1670, #79, #1374 ) ) REPRESENTATION_CONTEXT ( 'NONE', 'WORKASPACE' ) );
#1086 = ORIENTED_EDGE ( 'NONE', *, *, #884, .T. ) ;
#1087 = CARTESIAN_POINT ( 'NONE',  ( -0.01000000000000000021, 0.02000000000000000042, 0.01000000000000000021 ) ) ;
#1088 = EDGE_CURVE ( 'NONE', #1234, #825, #853, .T. ) ;
#1089 = SURFACE_SIDE_STYLE ('',( #1425 ) ) ;
#1090 = STYLED_ITEM ( 'NONE', ( #1889 ), #1204 ) ;
#1091 = ORIENTED_EDGE ( 'NONE', *, *, #1555, .T. ) ;
#1092 = SURFACE_STYLE_FILL_AREA ( #1748 ) ;
#1093 = VERTEX_POINT ( 'NONE', #1321 ) ;
#1094 = SURFACE_STYLE_FILL_AREA ( #1410 ) ;
#1095 = ORIENTED_EDGE ( 'NONE', *, *, #156, .F. ) ;
#1096 =( NAMED_UNIT ( * ) PLANE_ANGLE_UNIT ( ) SI_UNIT ( $, .RADIAN. ) );
#1097 = PRESENTATION_STYLE_ASSIGNMENT (( #637 ) ) ;
#1098 = MECHANICAL_DESIGN_GEOMETRIC_PRESENTATION_REPRESENTATION (  '', ( #1595 ), #1173 ) ;
#1099 =( NAMED_UNIT ( * ) SI_UNIT ( $, .STERADIAN. ) SOLID_ANGLE_UNIT ( ) );
#1100 = ADVANCED_FACE ( 'NONE', ( #1652 ), #1190, .F. ) ;
#1101 = ORIENTED_EDGE ( 'NONE', *, *, #1420, .T. ) ;
#1102 = CARTESIAN_POINT ( 'NONE',  ( 0.8281999999999999362, 0.6095999999999999197, -0.4317999999999694860 ) ) ;
#1103 = ADVANCED_FACE ( 'NONE', ( #55 ), #58, .F. ) ;
#1104 = DIRECTION ( 'NONE',  ( -1.084202172485504557E-16, 0.000000000000000000, 1.000000000000000000 ) ) ;
#1105 =( LENGTH_UNIT ( ) NAMED_UNIT ( * ) SI_UNIT ( .MILLI., .METRE. ) );
#1106 = COLOUR_RGB ( '',1.000000000000000000, 1.000000000000000000, 1.000000000000000000 ) ;
#1107 = AXIS2_PLACEMENT_3D ( 'NONE', #904, #1354, #117 ) ;
#1108 = DIRECTION ( 'NONE',  ( 0.000000000000000000, 0.000000000000000000, -1.000000000000000000 ) ) ;
#1109 = DIRECTION ( 'NONE',  ( 0.000000000000000000, 0.000000000000000000, 1.000000000000000000 ) ) ;
#1110 = ORIENTED_EDGE ( 'NONE', *, *, #1251, .T. ) ;
#1111 =( GEOMETRIC_REPRESENTATION_CONTEXT ( 3 ) GLOBAL_UNCERTAINTY_ASSIGNED_CONTEXT ( ( #1753 ) ) GLOBAL_UNIT_ASSIGNED_CONTEXT ( ( #1164, #548, #215 ) ) REPRESENTATION_CONTEXT ( 'NONE', 'WORKASPACE' ) );
#1112 = VERTEX_POINT ( 'NONE', #1944 ) ;
#1113 = CARTESIAN_POINT ( 'NONE',  ( -0.8381999999999739659, 0.5326000000000000734, -0.4317999999999694860 ) ) ;
#1114 = STYLED_ITEM ( 'NONE', ( #1097 ), #555 ) ;
#1115 = FACE_OUTER_BOUND ( 'NONE', #1879, .T. ) ;
#1116 = PRESENTATION_LAYER_ASSIGNMENT (  '', '', ( #1840 ) ) ;
#1117 = ORIENTED_EDGE ( 'NONE', *, *, #220, .F. ) ;
#1118 = SURFACE_STYLE_FILL_AREA ( #507 ) ;
#1119 = EDGE_CURVE ( 'NONE', #330, #9, #1700, .T. ) ;
#1120 = COLOUR_RGB ( '',0.2509803921568627416, 0.2509803921568627416, 0.2509803921568627416 ) ;
#1121 = ORIENTED_EDGE ( 'NONE', *, *, #1967, .T. ) ;
#1122 = MECHANICAL_DESIGN_GEOMETRIC_PRESENTATION_REPRESENTATION (  '', ( #32 ), #1394 ) ;
#1123 = CARTESIAN_POINT ( 'NONE',  ( 0.8281999999999999362, 0.4826000000000000290, -0.4317999999999694860 ) ) ;
#1124 = VECTOR ( 'NONE', #1565, 1000.000000000000000 ) ;
#1125 = CIRCLE ( 'NONE', #709, 0.04999999999999991257 ) ;
#1126 = CARTESIAN_POINT ( 'NONE',  ( -0.9143999999999740114, 0.5326000000000000734, -0.4317999999999694860 ) ) ;
#1127 = DIRECTION ( 'NONE',  ( -1.000000000000000000, 0.000000000000000000, 0.000000000000000000 ) ) ;
#1128 = DIRECTION ( 'NONE',  ( 0.000000000000000000, 0.000000000000000000, -1.000000000000000000 ) ) ;
#1129 = FACE_OUTER_BOUND ( 'NONE', #148, .T. ) ;
#1130 = EDGE_CURVE ( 'NONE', #1699, #825, #864, .T. ) ;
#1131 = ORIENTED_EDGE ( 'NONE', *, *, #1130, .F. ) ;
#1132 = ORIENTED_EDGE ( 'NONE', *, *, #1751, .T. ) ;
#1133 = LINE ( 'NONE', #1560, #1540 ) ;
#1134 = LINE ( 'NONE', #1610, #1580 ) ;
#1135 = FILL_AREA_STYLE ('',( #1071 ) ) ;
#1136 = CYLINDRICAL_SURFACE ( 'NONE', #1259, 0.07620000000000000384 ) ;
#1137 = DIRECTION ( 'NONE',  ( 1.000000000000000000, 0.000000000000000000, -0.000000000000000000 ) ) ;
#1138 = ORIENTED_EDGE ( 'NONE', *, *, #482, .T. ) ;
#1139 = PRESENTATION_LAYER_ASSIGNMENT (  '', '', ( #499 ) ) ;
#1140 = ORIENTED_EDGE ( 'NONE', *, *, #594, .T. ) ;
#1141 = EDGE_LOOP ( 'NONE', ( #1291, #1402, #31, #116 ) ) ;
#1142 = LINE ( 'NONE', #1902, #353 ) ;
#1143 = LINE ( 'NONE', #938, #1144 ) ;
#1144 = VECTOR ( 'NONE', #1293, 1000.000000000000000 ) ;
#1145 = AXIS2_PLACEMENT_3D ( 'NONE', #879, #407, #1058 ) ;
#1146 = COLOUR_RGB ( '',0.9686274509803921573, 0.8784313725490195957, 0.5999999999999999778 ) ;
#1147 = UNCERTAINTY_MEASURE_WITH_UNIT (LENGTH_MEASURE( 1.000000000000000082E-05 ), #1371, 'distance_accuracy_value', 'NONE');
#1148 = VECTOR ( 'NONE', #981, 1000.000000000000000 ) ;
#1149 = CARTESIAN_POINT ( 'NONE',  ( -0.8381999999999739659, 0.5895999999999999019, -0.4879999999999699578 ) ) ;
#1150 = VECTOR ( 'NONE', #1655, 1000.000000000000000 ) ;
#1151 = VECTOR ( 'NONE', #1569, 1000.000000000000000 ) ;
#1152 =( NAMED_UNIT ( * ) PLANE_ANGLE_UNIT ( ) SI_UNIT ( $, .RADIAN. ) );
#1153 = ADVANCED_FACE ( 'NONE', ( #759 ), #1386, .F. ) ;
#1154 = VERTEX_POINT ( 'NONE', #1899 ) ;
#1155 = FILL_AREA_STYLE ('',( #680 ) ) ;
#1156 = EDGE_CURVE ( 'NONE', #1335, #1762, #1125, .T. ) ;
#1157 = DIRECTION ( 'NONE',  ( 1.000000000000000000, 0.000000000000000000, 0.000000000000000000 ) ) ;
#1158 = SURFACE_SIDE_STYLE ('',( #254 ) ) ;
#1159 = CARTESIAN_POINT ( 'NONE',  ( 0.8843999999999999639, 0.5895999999999999019, 0.6069000000000180917 ) ) ;
#1160 =( LENGTH_UNIT ( ) NAMED_UNIT ( * ) SI_UNIT ( .MILLI., .METRE. ) );
#1161 =( NAMED_UNIT ( * ) PLANE_ANGLE_UNIT ( ) SI_UNIT ( $, .RADIAN. ) );
#1162 = DIRECTION ( 'NONE',  ( 0.000000000000000000, -1.000000000000000000, 0.000000000000000000 ) ) ;
#1163 = ORIENTED_EDGE ( 'NONE', *, *, #183, .F. ) ;
#1164 =( LENGTH_UNIT ( ) NAMED_UNIT ( * ) SI_UNIT ( .MILLI., .METRE. ) );
#1165 = PRESENTATION_LAYER_ASSIGNMENT (  '', '', ( #16 ) ) ;
#1166 = ORIENTED_EDGE ( 'NONE', *, *, #633, .T. ) ;
#1167 = CARTESIAN_POINT ( 'NONE',  ( -0.9270999999999720576, 0.02000000000000005246, 0.6068999999999700190 ) ) ;
#1168 = EDGE_CURVE ( 'NONE', #110, #825, #776, .T. ) ;
#1169 = CARTESIAN_POINT ( 'NONE',  ( 0.9932999999999738705, 0.02000000000000005246, -0.5968999999999700101 ) ) ;
#1170 = COLOUR_RGB ( '',0.2509803921568627416, 0.2509803921568627416, 0.2509803921568627416 ) ;
#1171 = SURFACE_STYLE_USAGE ( .BOTH. , #1306 ) ;
#1172 = STYLED_ITEM ( 'NONE', ( #212 ), #1307 ) ;
#1173 =( GEOMETRIC_REPRESENTATION_CONTEXT ( 3 ) GLOBAL_UNCERTAINTY_ASSIGNED_CONTEXT ( ( #768 ) ) GLOBAL_UNIT_ASSIGNED_CONTEXT ( ( #449, #585, #1181 ) ) REPRESENTATION_CONTEXT ( 'NONE', 'WORKASPACE' ) );
#1174 = UNCERTAINTY_MEASURE_WITH_UNIT (LENGTH_MEASURE( 1.000000000000000082E-05 ), #243, 'distance_accuracy_value', 'NONE');
#1175 = ORIENTED_EDGE ( 'NONE', *, *, #1967, .F. ) ;
#1176 = LINE ( 'NONE', #1377, #344 ) ;
#1177 = MECHANICAL_DESIGN_GEOMETRIC_PRESENTATION_REPRESENTATION (  '', ( #1250 ), #1353 ) ;
#1178 = LINE ( 'NONE', #877, #1446 ) ;
#1179 = VECTOR ( 'NONE', #1341, 1000.000000000000000 ) ;
#1180 = SURFACE_STYLE_USAGE ( .BOTH. , #1158 ) ;
#1181 =( NAMED_UNIT ( * ) SI_UNIT ( $, .STERADIAN. ) SOLID_ANGLE_UNIT ( ) );
#1182 = EDGE_CURVE ( 'NONE', #536, #987, #800, .T. ) ;
#1183 = PRESENTATION_LAYER_ASSIGNMENT (  '', '', ( #1742 ) ) ;
#1184 = COLOUR_RGB ( '',1.000000000000000000, 1.000000000000000000, 1.000000000000000000 ) ;
#1185 = FILL_AREA_STYLE_COLOUR ( '', #608 ) ;
#1186 = DIRECTION ( 'NONE',  ( -0.000000000000000000, 0.000000000000000000, 1.000000000000000000 ) ) ;
#1187 = PRESENTATION_LAYER_ASSIGNMENT (  '', '', ( #32 ) ) ;
#1188 = CIRCLE ( 'NONE', #440, 0.07620000000000000384 ) ;
#1189 = DIRECTION ( 'NONE',  ( 0.000000000000000000, 0.000000000000000000, -1.000000000000000000 ) ) ;
#1190 = PLANE ( 'NONE',  #1384 ) ;
#1191 = SURFACE_STYLE_FILL_AREA ( #899 ) ;
#1192 = UNCERTAINTY_MEASURE_WITH_UNIT (LENGTH_MEASURE( 1.000000000000000082E-05 ), #1160, 'distance_accuracy_value', 'NONE');
#1193 = MECHANICAL_DESIGN_GEOMETRIC_PRESENTATION_REPRESENTATION (  '', ( #1370 ), #1012 ) ;
#1194 = FILL_AREA_STYLE ('',( #1185 ) ) ;
#1195 = LINE ( 'NONE', #1035, #400 ) ;
#1196 = ORIENTED_EDGE ( 'NONE', *, *, #1715, .F. ) ;
#1197 = SURFACE_STYLE_FILL_AREA ( #1519 ) ;
#1198 = SURFACE_SIDE_STYLE ('',( #573 ) ) ;
#1199 = CARTESIAN_POINT ( 'NONE',  ( -0.8381999999999739659, 0.4826000000000000290, -0.5079999999999699201 ) ) ;
#1200 = ORIENTED_EDGE ( 'NONE', *, *, #1156, .F. ) ;
#1201 = SURFACE_STYLE_USAGE ( .BOTH. , #418 ) ;
#1202 = CARTESIAN_POINT ( 'NONE',  ( 0.8281999999999998252, 0.4826000000000000290, -0.5579999999999699645 ) ) ;
#1203 = LINE ( 'NONE', #1363, #3 ) ;
#1204 = ADVANCED_FACE ( 'NONE', ( #157, #1115 ), #1249, .F. ) ;
#1205 = VERTEX_POINT ( 'NONE', #1617 ) ;
#1206 = DIRECTION ( 'NONE',  ( 1.000000000000000000, 0.000000000000000000, 0.000000000000000000 ) ) ;
#1207 = ORIENTED_EDGE ( 'NONE', *, *, #1403, .T. ) ;
#1208 = DIRECTION ( 'NONE',  ( 1.000000000000000000, 0.000000000000000000, 0.000000000000000000 ) ) ;
#1209 = COLOUR_RGB ( '',0.9686274509803921573, 0.8784313725490195957, 0.5999999999999999778 ) ;
#1210 = UNCERTAINTY_MEASURE_WITH_UNIT (LENGTH_MEASURE( 1.000000000000000082E-05 ), #1319, 'distance_accuracy_value', 'NONE');
#1211 = SURFACE_STYLE_FILL_AREA ( #752 ) ;
#1212 = FACE_OUTER_BOUND ( 'NONE', #1460, .T. ) ;
#1213 = STYLED_ITEM ( 'NONE', ( #1709 ), #20 ) ;
#1214 =( NAMED_UNIT ( * ) PLANE_ANGLE_UNIT ( ) SI_UNIT ( $, .RADIAN. ) );
#1215 = PRESENTATION_LAYER_ASSIGNMENT (  '', '', ( #66 ) ) ;
#1216 = AXIS2_PLACEMENT_3D ( 'NONE', #1834, #940, #445 ) ;
#1217 = VECTOR ( 'NONE', #982, 1000.000000000000000 ) ;
#1218 = PLANE ( 'NONE',  #1780 ) ;
#1219 = EDGE_CURVE ( 'NONE', #628, #1000, #1463, .T. ) ;
#1220 = VERTEX_POINT ( 'NONE', #681 ) ;
#1221 =( GEOMETRIC_REPRESENTATION_CONTEXT ( 3 ) GLOBAL_UNCERTAINTY_ASSIGNED_CONTEXT ( ( #629 ) ) GLOBAL_UNIT_ASSIGNED_CONTEXT ( ( #1042, #1575, #1099 ) ) REPRESENTATION_CONTEXT ( 'NONE', 'WORKASPACE' ) );
#1222 = VECTOR ( 'NONE', #1083, 1000.000000000000000 ) ;
#1223 = CYLINDRICAL_SURFACE ( 'NONE', #862, 0.01999999999999999695 ) ;
#1224 = DIRECTION ( 'NONE',  ( 0.000000000000000000, 0.000000000000000000, -1.000000000000000000 ) ) ;
#1225 = CARTESIAN_POINT ( 'NONE',  ( 0.9000000000000000222, 0.01000000000000000021, -0.5000000000000000000 ) ) ;
#1226 = VERTEX_POINT ( 'NONE', #1303 ) ;
#1227 = EDGE_CURVE ( 'NONE', #110, #487, #413, .T. ) ;
#1228 = SURFACE_STYLE_USAGE ( .BOTH. , #1528 ) ;
#1229 = PRESENTATION_STYLE_ASSIGNMENT (( #632 ) ) ;
#1230 = SURFACE_STYLE_FILL_AREA ( #1514 ) ;
#1231 = ORIENTED_EDGE ( 'NONE', *, *, #99, .T. ) ;
#1232 = CARTESIAN_POINT ( 'NONE',  ( 0.9170999999999739360, 0.4826000000000000290, -0.5968999999999700101 ) ) ;
#1233 = FILL_AREA_STYLE ('',( #782 ) ) ;
#1234 = VERTEX_POINT ( 'NONE', #713 ) ;
#1235 = DIRECTION ( 'NONE',  ( 0.000000000000000000, 0.000000000000000000, -1.000000000000000000 ) ) ;
#1236 = CARTESIAN_POINT ( 'NONE',  ( -0.9000000000000001332, 0.02000000000000000042, 0.5000000000000000000 ) ) ;
#1237 =( GEOMETRIC_REPRESENTATION_CONTEXT ( 3 ) GLOBAL_UNCERTAINTY_ASSIGNED_CONTEXT ( ( #1936 ) ) GLOBAL_UNIT_ASSIGNED_CONTEXT ( ( #1591, #807, #989 ) ) REPRESENTATION_CONTEXT ( 'NONE', 'WORKASPACE' ) );
#1238 = UNCERTAINTY_MEASURE_WITH_UNIT (LENGTH_MEASURE( 1.000000000000000082E-05 ), #528, 'distance_accuracy_value', 'NONE');
#1239 = SURFACE_STYLE_FILL_AREA ( #88 ) ;
#1240 = ADVANCED_FACE ( 'NONE', ( #1334 ), #722, .F. ) ;
#1241 = PRESENTATION_STYLE_ASSIGNMENT (( #1892 ) ) ;
#1242 = FACE_OUTER_BOUND ( 'NONE', #1445, .T. ) ;
#1243 = PRESENTATION_STYLE_ASSIGNMENT (( #882 ) ) ;
#1244 = CARTESIAN_POINT ( 'NONE',  ( -0.9000000000000001332, 0.02000000000000000042, 0.5000000000000000000 ) ) ;
#1245 = FACE_OUTER_BOUND ( 'NONE', #421, .T. ) ;
#1246 = ORIENTED_EDGE ( 'NONE', *, *, #1342, .T. ) ;
#1247 = DIRECTION ( 'NONE',  ( -0.000000000000000000, 1.000000000000000000, -0.000000000000000000 ) ) ;
#1248 =( LENGTH_UNIT ( ) NAMED_UNIT ( * ) SI_UNIT ( .MILLI., .METRE. ) );
#1249 = PLANE ( 'NONE',  #523 ) ;
#1250 = STYLED_ITEM ( 'NONE', ( #1302 ), #384 ) ;
#1251 = EDGE_CURVE ( 'NONE', #1618, #376, #1855, .T. ) ;
#1252 =( LENGTH_UNIT ( ) NAMED_UNIT ( * ) SI_UNIT ( .MILLI., .METRE. ) );
#1253 = FILL_AREA_STYLE_COLOUR ( '', #28 ) ;
#1254 = CARTESIAN_POINT ( 'NONE',  ( 0.3999999999999998557, 0.02000000000000000042, 0.3000000000000000444 ) ) ;
#1255 = CARTESIAN_POINT ( 'NONE',  ( -0.9000000000000001332, 0.01000000000000000021, 0.5000000000000000000 ) ) ;
#1256 = VECTOR ( 'NONE', #955, 1000.000000000000000 ) ;
#1257 = CARTESIAN_POINT ( 'NONE',  ( 0.9043999999999999817, 0.5326000000000000734, 0.4418000000000180116 ) ) ;
#1258 = CARTESIAN_POINT ( 'NONE',  ( -0.8943999999999738826, 0.5895999999999999019, -0.4317999999999694860 ) ) ;
#1259 = AXIS2_PLACEMENT_3D ( 'NONE', #1123, #1752, #1456 ) ;
#1260 = CIRCLE ( 'NONE', #375, 0.07620000000000000384 ) ;
#1261 = EDGE_LOOP ( 'NONE', ( #1416, #1582, #352, #101 ) ) ;
#1262 = SURFACE_STYLE_FILL_AREA ( #2013 ) ;
#1263 = PRESENTATION_STYLE_ASSIGNMENT (( #647 ) ) ;
#1264 = VERTEX_POINT ( 'NONE', #1254 ) ;
#1265 = ADVANCED_FACE ( 'NONE', ( #337 ), #790, .T. ) ;
#1266 = DIRECTION ( 'NONE',  ( -1.000000000000000000, 0.000000000000000000, 0.000000000000000000 ) ) ;
#1267 = VERTEX_POINT ( 'NONE', #379 ) ;
#1268 = EDGE_CURVE ( 'NONE', #483, #415, #1634, .T. ) ;
#1269 = CARTESIAN_POINT ( 'NONE',  ( -0.9643999999999740558, 0.5326000000000000734, -0.4317999999999694860 ) ) ;
#1270 = DIRECTION ( 'NONE',  ( 0.000000000000000000, -1.000000000000000000, 0.000000000000000000 ) ) ;
#1271 = ORIENTED_EDGE ( 'NONE', *, *, #484, .T. ) ;
#1272 = SURFACE_STYLE_FILL_AREA ( #761 ) ;
#1273 = FILL_AREA_STYLE ('',( #1895 ) ) ;
#1274 = EDGE_CURVE ( 'NONE', #376, #1915, #395, .T. ) ;
#1275 = EDGE_LOOP ( 'NONE', ( #143, #1095, #216, #19 ) ) ;
#1276 = VERTEX_POINT ( 'NONE', #1440 ) ;
#1277 = DIRECTION ( 'NONE',  ( 0.000000000000000000, 0.000000000000000000, -1.000000000000000000 ) ) ;
#1278 = ORIENTED_EDGE ( 'NONE', *, *, #1557, .F. ) ;
#1279 = CARTESIAN_POINT ( 'NONE',  ( -0.8381999999999739659, 0.5895999999999999019, -0.4317999999999694860 ) ) ;
#1280 = ORIENTED_EDGE ( 'NONE', *, *, #1026, .T. ) ;
#1281 = VECTOR ( 'NONE', #1606, 1000.000000000000000 ) ;
#1282 = UNCERTAINTY_MEASURE_WITH_UNIT (LENGTH_MEASURE( 1.000000000000000082E-05 ), #1878, 'distance_accuracy_value', 'NONE');
#1283 = CIRCLE ( 'NONE', #394, 0.07620000000000000384 ) ;
#1284 = COLOUR_RGB ( '',1.000000000000000000, 1.000000000000000000, 1.000000000000000000 ) ;
#1285 = CARTESIAN_POINT ( 'NONE',  ( -0.8381999999999739659, 0.6095999999999999197, -0.4317999999999694860 ) ) ;
#1286 = EDGE_LOOP ( 'NONE', ( #1200, #1786, #635, #1737 ) ) ;
#1287 =( GEOMETRIC_REPRESENTATION_CONTEXT ( 3 ) GLOBAL_UNCERTAINTY_ASSIGNED_CONTEXT ( ( #1603 ) ) GLOBAL_UNIT_ASSIGNED_CONTEXT ( ( #1530, #1658, #139 ) ) REPRESENTATION_CONTEXT ( 'NONE', 'WORKASPACE' ) );
#1288 = SURFACE_STYLE_USAGE ( .BOTH. , #362 ) ;
#1289 = DIRECTION ( 'NONE',  ( -1.979863240089145225E-14, 0.000000000000000000, 1.000000000000000000 ) ) ;
#1290 = STYLED_ITEM ( 'NONE', ( #1512 ), #1422 ) ;
#1291 = ORIENTED_EDGE ( 'NONE', *, *, #490, .T. ) ;
#1292 = DIRECTION ( 'NONE',  ( -1.000000000000000000, 0.000000000000000000, -1.084202172485504557E-16 ) ) ;
#1293 = DIRECTION ( 'NONE',  ( 1.816388293659769774E-16, 0.000000000000000000, 1.000000000000000000 ) ) ;
#1294 =( GEOMETRIC_REPRESENTATION_CONTEXT ( 3 ) GLOBAL_UNCERTAINTY_ASSIGNED_CONTEXT ( ( #808 ) ) GLOBAL_UNIT_ASSIGNED_CONTEXT ( ( #1105, #366, #1905 ) ) REPRESENTATION_CONTEXT ( 'NONE', 'WORKASPACE' ) );
#1295 = CYLINDRICAL_SURFACE ( 'NONE', #102, 0.02000000000000005246 ) ;
#1296 = SURFACE_STYLE_USAGE ( .BOTH. , #182 ) ;
#1297 = STYLED_ITEM ( 'NONE', ( #1030 ), #659 ) ;
#1298 = EDGE_CURVE ( 'NONE', #653, #835, #1311, .T. ) ;
#1299 = CARTESIAN_POINT ( 'NONE',  ( -1.013299999999999867, 0.5895999999999999019, -0.4879999999999699578 ) ) ;
#1300 = EDGE_LOOP ( 'NONE', ( #1955, #892, #690, #1749 ) ) ;
#1301 = ORIENTED_EDGE ( 'NONE', *, *, #1156, .T. ) ;
#1302 = PRESENTATION_STYLE_ASSIGNMENT (( #1288 ) ) ;
#1303 = CARTESIAN_POINT ( 'NONE',  ( 0.9932999999999999607, 0.4826000000000000290, 0.5306999999999699735 ) ) ;
#1304 = ORIENTED_EDGE ( 'NONE', *, *, #40, .F. ) ;
#1305 = PRESENTATION_STYLE_ASSIGNMENT (( #838 ) ) ;
#1306 = SURFACE_SIDE_STYLE ('',( #869 ) ) ;
#1307 = ADVANCED_FACE ( 'NONE', ( #1129 ), #1622, .T. ) ;
#1308 = SURFACE_STYLE_FILL_AREA ( #1769 ) ;
#1309 = DIRECTION ( 'NONE',  ( 0.000000000000000000, -0.000000000000000000, -1.000000000000000000 ) ) ;
#1310 = ORIENTED_EDGE ( 'NONE', *, *, #2026, .F. ) ;
#1311 = LINE ( 'NONE', #29, #658 ) ;
#1312 = VERTEX_POINT ( 'NONE', #48 ) ;
#1313 = CARTESIAN_POINT ( 'NONE',  ( 0.8281999999999999362, 0.4826000000000000290, 0.5180000000000180016 ) ) ;
#1314 = CARTESIAN_POINT ( 'NONE',  ( 0.9043999999999999817, 0.5895999999999999019, -0.4317999999999694860 ) ) ;
#1315 = LINE ( 'NONE', #1758, #372 ) ;
#1316 = STYLED_ITEM ( 'NONE', ( #760 ), #910 ) ;
#1317 = DIRECTION ( 'NONE',  ( -0.000000000000000000, 1.000000000000000000, -0.000000000000000000 ) ) ;
#1318 = FILL_AREA_STYLE ('',( #49 ) ) ;
#1319 =( LENGTH_UNIT ( ) NAMED_UNIT ( * ) SI_UNIT ( .MILLI., .METRE. ) );
#1320 = ORIENTED_EDGE ( 'NONE', *, *, #1474, .F. ) ;
#1321 = CARTESIAN_POINT ( 'NONE',  ( -0.9270999999999739449, 0.02000000000000005246, -0.5968999999999700101 ) ) ;
#1322 = SURFACE_SIDE_STYLE ('',( #313 ) ) ;
#1323 = DIRECTION ( 'NONE',  ( 1.000000000000000000, -0.000000000000000000, 0.000000000000000000 ) ) ;
#1324 = PRESENTATION_LAYER_ASSIGNMENT (  '', '', ( #231 ) ) ;
#1325 = CIRCLE ( 'NONE', #1909, 0.02000000000000005246 ) ;
#1326 = UNCERTAINTY_MEASURE_WITH_UNIT (LENGTH_MEASURE( 1.000000000000000082E-05 ), #309, 'distance_accuracy_value', 'NONE');
#1327 = TOROIDAL_SURFACE ( 'NONE', #993, 0.05619999999999999996, 0.02000000000000000042 ) ;
#1328 = DIRECTION ( 'NONE',  ( -1.000000000000000000, -0.000000000000000000, -0.000000000000000000 ) ) ;
#1329 = PRESENTATION_STYLE_ASSIGNMENT (( #73 ) ) ;
#1330 = AXIS2_PLACEMENT_3D ( 'NONE', #1705, #1947, #520 ) ;
#1331 =( GEOMETRIC_REPRESENTATION_CONTEXT ( 3 ) GLOBAL_UNCERTAINTY_ASSIGNED_CONTEXT ( ( #1683 ) ) GLOBAL_UNIT_ASSIGNED_CONTEXT ( ( #458, #175, #292 ) ) REPRESENTATION_CONTEXT ( 'NONE', 'WORKASPACE' ) );
#1332 = CARTESIAN_POINT ( 'NONE',  ( -0.9143999999999740114, 0.4826000000000000290, 0.6069000000000180917 ) ) ;
#1333 = EDGE_CURVE ( 'NONE', #856, #355, #815, .T. ) ;
#1334 = FACE_OUTER_BOUND ( 'NONE', #316, .T. ) ;
#1335 = VERTEX_POINT ( 'NONE', #1126 ) ;
#1336 = LINE ( 'NONE', #1627, #514 ) ;
#1337 = CARTESIAN_POINT ( 'NONE',  ( -0.9000000000000000222, 0.01000000000000000021, -0.5000000000000000000 ) ) ;
#1338 = FILL_AREA_STYLE_COLOUR ( '', #1842 ) ;
#1339 = DIRECTION ( 'NONE',  ( 1.000000000000000000, 0.000000000000000000, 0.000000000000000000 ) ) ;
#1340 = AXIS2_PLACEMENT_3D ( 'NONE', #1509, #1029, #1013 ) ;
#1341 = DIRECTION ( 'NONE',  ( 0.000000000000000000, -1.000000000000000000, 0.000000000000000000 ) ) ;
#1342 = EDGE_CURVE ( 'NONE', #483, #494, #459, .T. ) ;
#1343 = ORIENTED_EDGE ( 'NONE', *, *, #47, .F. ) ;
#1344 = FILL_AREA_STYLE_COLOUR ( '', #771 ) ;
#1345 =( LENGTH_UNIT ( ) NAMED_UNIT ( * ) SI_UNIT ( .MILLI., .METRE. ) );
#1346 = AXIS2_PLACEMENT_3D ( 'NONE', #704, #1328, #387 ) ;
#1347 = PRESENTATION_STYLE_ASSIGNMENT (( #1032 ) ) ;
#1348 = UNCERTAINTY_MEASURE_WITH_UNIT (LENGTH_MEASURE( 1.000000000000000082E-05 ), #486, 'distance_accuracy_value', 'NONE');
#1349 = AXIS2_PLACEMENT_3D ( 'NONE', #1733, #328, #1576 ) ;
#1350 = LINE ( 'NONE', #1665, #1545 ) ;
#1351 = CYLINDRICAL_SURFACE ( 'NONE', #1020, 0.07620000000000000384 ) ;
#1352 = DIRECTION ( 'NONE',  ( -0.000000000000000000, 1.000000000000000000, -0.000000000000000000 ) ) ;
#1353 =( GEOMETRIC_REPRESENTATION_CONTEXT ( 3 ) GLOBAL_UNCERTAINTY_ASSIGNED_CONTEXT ( ( #1238 ) ) GLOBAL_UNIT_ASSIGNED_CONTEXT ( ( #528, #354, #205 ) ) REPRESENTATION_CONTEXT ( 'NONE', 'WORKASPACE' ) );
#1354 = DIRECTION ( 'NONE',  ( -1.000000000000000000, 0.000000000000000000, 0.000000000000000000 ) ) ;
#1355 = ORIENTED_EDGE ( 'NONE', *, *, #1982, .F. ) ;
#1356 = DIRECTION ( 'NONE',  ( 3.614007241618348278E-16, 0.000000000000000000, -1.000000000000000000 ) ) ;
#1357 = SURFACE_STYLE_FILL_AREA ( #417 ) ;
#1358 = EDGE_CURVE ( 'NONE', #1093, #939, #349, .T. ) ;
#1359 = AXIS2_PLACEMENT_3D ( 'NONE', #1832, #764, #1993 ) ;
#1360 = CARTESIAN_POINT ( 'NONE',  ( 0.8281999999999999362, 0.4826000000000000290, 0.4418000000000180116 ) ) ;
#1361 = VERTEX_POINT ( 'NONE', #1771 ) ;
#1362 = ADVANCED_FACE ( 'NONE', ( #820 ), #1448, .F. ) ;
#1363 = CARTESIAN_POINT ( 'NONE',  ( 0.9932999999999999607, 0.6095999999999999197, 0.5306999999999699735 ) ) ;
#1364 = AXIS2_PLACEMENT_3D ( 'NONE', #685, #365, #69 ) ;
#1365 = COLOUR_RGB ( '',0.9686274509803921573, 0.8784313725490195957, 0.5999999999999999778 ) ;
#1366 =( NAMED_UNIT ( * ) PLANE_ANGLE_UNIT ( ) SI_UNIT ( $, .RADIAN. ) );
#1367 = LINE ( 'NONE', #1837, #1714 ) ;
#1368 =( NAMED_UNIT ( * ) PLANE_ANGLE_UNIT ( ) SI_UNIT ( $, .RADIAN. ) );
#1369 = EDGE_CURVE ( 'NONE', #54, #1361, #1176, .T. ) ;
#1370 = STYLED_ITEM ( 'NONE', ( #1775 ), #1240 ) ;
#1371 =( LENGTH_UNIT ( ) NAMED_UNIT ( * ) SI_UNIT ( .MILLI., .METRE. ) );
#1372 = ORIENTED_EDGE ( 'NONE', *, *, #1298, .F. ) ;
#1373 = VERTEX_POINT ( 'NONE', #1337 ) ;
#1374 =( NAMED_UNIT ( * ) SI_UNIT ( $, .STERADIAN. ) SOLID_ANGLE_UNIT ( ) );
#1375 = FILL_AREA_STYLE ('',( #1031 ) ) ;
#1376 =( NAMED_UNIT ( * ) PLANE_ANGLE_UNIT ( ) SI_UNIT ( $, .RADIAN. ) );
#1377 = CARTESIAN_POINT ( 'NONE',  ( 0.3999999999999999667, 0.02000000000000000042, -0.5000000000000000000 ) ) ;
#1378 = EDGE_CURVE ( 'NONE', #1894, #1112, #1550, .T. ) ;
#1379 = DIRECTION ( 'NONE',  ( -1.084202172485504434E-16, -0.000000000000000000, 1.000000000000000000 ) ) ;
#1380 = COLOUR_RGB ( '',0.2509803921568627416, 0.2509803921568627416, 0.2509803921568627416 ) ;
#1381 =( NAMED_UNIT ( * ) SI_UNIT ( $, .STERADIAN. ) SOLID_ANGLE_UNIT ( ) );
#1382 = DIRECTION ( 'NONE',  ( 0.000000000000000000, -1.000000000000000000, 0.000000000000000000 ) ) ;
#1383 = ORIENTED_EDGE ( 'NONE', *, *, #1026, .F. ) ;
#1384 = AXIS2_PLACEMENT_3D ( 'NONE', #423, #1480, #1662 ) ;
#1385 = AXIS2_PLACEMENT_3D ( 'NONE', #2006, #1977, #1189 ) ;
#1386 = PLANE ( 'NONE',  #1844 ) ;
#1387 = CARTESIAN_POINT ( 'NONE',  ( -0.8381999999999739659, 0.5895999999999999019, -0.4317999999999694860 ) ) ;
#1388 = MECHANICAL_DESIGN_GEOMETRIC_PRESENTATION_REPRESENTATION (  '', ( #763 ), #1014 ) ;
#1389 = COLOUR_RGB ( '',0.2509803921568627416, 0.2509803921568627416, 0.2509803921568627416 ) ;
#1390 = ORIENTED_EDGE ( 'NONE', *, *, #40, .T. ) ;
#1391 = MECHANICAL_DESIGN_GEOMETRIC_PRESENTATION_REPRESENTATION (  '', ( #1678 ), #135 ) ;
#1392 = CARTESIAN_POINT ( 'NONE',  ( 0.8281999999999999362, 0.5895999999999999019, 0.4980000000000179838 ) ) ;
#1393 = FACE_OUTER_BOUND ( 'NONE', #132, .T. ) ;
#1394 =( GEOMETRIC_REPRESENTATION_CONTEXT ( 3 ) GLOBAL_UNCERTAINTY_ASSIGNED_CONTEXT ( ( #1282 ) ) GLOBAL_UNIT_ASSIGNED_CONTEXT ( ( #1878, #1096, #1434 ) ) REPRESENTATION_CONTEXT ( 'NONE', 'WORKASPACE' ) );
#1395 = DIRECTION ( 'NONE',  ( 0.000000000000000000, 0.000000000000000000, -1.000000000000000000 ) ) ;
#1396 = DIRECTION ( 'NONE',  ( 0.000000000000000000, 1.000000000000000000, 0.000000000000000000 ) ) ;
#1397 =( NAMED_UNIT ( * ) SI_UNIT ( $, .STERADIAN. ) SOLID_ANGLE_UNIT ( ) );
#1398 = AXIS2_PLACEMENT_3D ( 'NONE', #1999, #603, #105 ) ;
#1399 = DIRECTION ( 'NONE',  ( 0.000000000000000000, 0.000000000000000000, -1.000000000000000000 ) ) ;
#1400 = LINE ( 'NONE', #1244, #133 ) ;
#1401 = CARTESIAN_POINT ( 'NONE',  ( -0.8381999999999739659, 0.5326000000000000734, 0.4418000000000180116 ) ) ;
#1402 = ORIENTED_EDGE ( 'NONE', *, *, #928, .F. ) ;
#1403 = EDGE_CURVE ( 'NONE', #64, #1699, #1350, .T. ) ;
#1404 = DIRECTION ( 'NONE',  ( 0.000000000000000000, 0.000000000000000000, 1.000000000000000000 ) ) ;
#1405 = PLANE ( 'NONE',  #1349 ) ;
#1406 =( NAMED_UNIT ( * ) PLANE_ANGLE_UNIT ( ) SI_UNIT ( $, .RADIAN. ) );
#1407 = UNCERTAINTY_MEASURE_WITH_UNIT (LENGTH_MEASURE( 1.000000000000000082E-05 ), #1345, 'distance_accuracy_value', 'NONE');
#1408 = FILL_AREA_STYLE ('',( #2038 ) ) ;
#1409 = CARTESIAN_POINT ( 'NONE',  ( -0.9643999999999740558, 0.5326000000000000734, 0.4418000000000180116 ) ) ;
#1410 = FILL_AREA_STYLE ('',( #488 ) ) ;
#1411 = UNCERTAINTY_MEASURE_WITH_UNIT (LENGTH_MEASURE( 1.000000000000000082E-05 ), #1077, 'distance_accuracy_value', 'NONE');
#1412 =( NAMED_UNIT ( * ) PLANE_ANGLE_UNIT ( ) SI_UNIT ( $, .RADIAN. ) );
#1413 = ORIENTED_EDGE ( 'NONE', *, *, #490, .F. ) ;
#1414 = FACE_OUTER_BOUND ( 'NONE', #177, .T. ) ;
#1415 = CIRCLE ( 'NONE', #1931, 0.05619999999999995832 ) ;
#1416 = ORIENTED_EDGE ( 'NONE', *, *, #1369, .T. ) ;
#1417 = FILL_AREA_STYLE ('',( #10 ) ) ;
#1418 = SURFACE_SIDE_STYLE ('',( #1554 ) ) ;
#1419 = CARTESIAN_POINT ( 'NONE',  ( 0.8281999999999999362, 0.4826000000000000290, 0.5680000000000180460 ) ) ;
#1420 = EDGE_CURVE ( 'NONE', #1699, #43, #1841, .T. ) ;
#1421 = FILL_AREA_STYLE ('',( #443 ) ) ;
#1422 = ADVANCED_FACE ( 'NONE', ( #1505 ), #397, .F. ) ;
#1423 = FILL_AREA_STYLE_COLOUR ( '', #1284 ) ;
#1424 = SURFACE_SIDE_STYLE ('',( #314 ) ) ;
#1425 = SURFACE_STYLE_FILL_AREA ( #2033 ) ;
#1426 = EDGE_LOOP ( 'NONE', ( #51, #1280, #12, #714 ) ) ;
#1427 =( GEOMETRIC_REPRESENTATION_CONTEXT ( 3 ) GLOBAL_UNCERTAINTY_ASSIGNED_CONTEXT ( ( #336 ) ) GLOBAL_UNIT_ASSIGNED_CONTEXT ( ( #1252, #1728, #454 ) ) REPRESENTATION_CONTEXT ( 'NONE', 'WORKASPACE' ) );
#1428 = CARTESIAN_POINT ( 'NONE',  ( 0.8281999999999999362, 0.5326000000000000734, -0.5079999999999699201 ) ) ;
#1429 = ORIENTED_EDGE ( 'NONE', *, *, #85, .T. ) ;
#1430 = LINE ( 'NONE', #1538, #203 ) ;
#1431 = ADVANCED_FACE ( 'NONE', ( #1972 ), #266, .T. ) ;
#1432 = STYLED_ITEM ( 'NONE', ( #901 ), #1362 ) ;
#1433 = ORIENTED_EDGE ( 'NONE', *, *, #183, .T. ) ;
#1434 =( NAMED_UNIT ( * ) SI_UNIT ( $, .STERADIAN. ) SOLID_ANGLE_UNIT ( ) );
#1435 = LINE ( 'NONE', #2017, #794 ) ;
#1436 = ORIENTED_EDGE ( 'NONE', *, *, #562, .F. ) ;
#1437 = DIRECTION ( 'NONE',  ( -0.000000000000000000, -0.000000000000000000, -1.000000000000000000 ) ) ;
#1438 = AXIS2_PLACEMENT_3D ( 'NONE', #652, #1270, #1890 ) ;
#1439 = ORIENTED_EDGE ( 'NONE', *, *, #1724, .T. ) ;
#1440 = CARTESIAN_POINT ( 'NONE',  ( 0.9932999999999999607, 0.4826000000000000290, -0.5206999999999699646 ) ) ;
#1441 = CIRCLE ( 'NONE', #1863, 0.05000000000000002359 ) ;
#1442 = ORIENTED_EDGE ( 'NONE', *, *, #668, .F. ) ;
#1443 = SURFACE_STYLE_FILL_AREA ( #1155 ) ;
#1444 = CARTESIAN_POINT ( 'NONE',  ( -0.8381999999999739659, 0.4826000000000000290, -0.4317999999999694860 ) ) ;
#1445 = EDGE_LOOP ( 'NONE', ( #503, #74, #660, #942 ) ) ;
#1446 = VECTOR ( 'NONE', #1382, 1000.000000000000000 ) ;
#1447 = MECHANICAL_DESIGN_GEOMETRIC_PRESENTATION_REPRESENTATION (  '', ( #290 ), #2003 ) ;
#1448 = PLANE ( 'NONE',  #1910 ) ;
#1449 = PLANE ( 'NONE',  #338 ) ;
#1450 = AXIS2_PLACEMENT_3D ( 'NONE', #241, #368, #1495 ) ;
#1451 =( NAMED_UNIT ( * ) PLANE_ANGLE_UNIT ( ) SI_UNIT ( $, .RADIAN. ) );
#1452 = MECHANICAL_DESIGN_GEOMETRIC_PRESENTATION_REPRESENTATION (  '', ( #738 ), #642 ) ;
#1453 = ORIENTED_EDGE ( 'NONE', *, *, #1298, .T. ) ;
#1454 = CARTESIAN_POINT ( 'NONE',  ( 0.9544000000000000261, 0.4826000000000000290, -0.4317999999999694860 ) ) ;
#1455 = VECTOR ( 'NONE', #974, 999.9999999999998863 ) ;
#1456 = DIRECTION ( 'NONE',  ( 0.000000000000000000, 0.000000000000000000, 1.000000000000000000 ) ) ;
#1457 = DIRECTION ( 'NONE',  ( -0.000000000000000000, 1.000000000000000000, 0.000000000000000000 ) ) ;
#1458 = LINE ( 'NONE', #1975, #515 ) ;
#1459 = ORIENTED_EDGE ( 'NONE', *, *, #142, .F. ) ;
#1460 = EDGE_LOOP ( 'NONE', ( #327, #1453, #547, #1477, #1007, #1132, #723, #1829 ) ) ;
#1461 = SURFACE_STYLE_USAGE ( .BOTH. , #1598 ) ;
#1462 = PRESENTATION_LAYER_ASSIGNMENT (  '', '', ( #1090 ) ) ;
#1463 = LINE ( 'NONE', #866, #1551 ) ;
#1464 = EDGE_CURVE ( 'NONE', #1852, #238, #576, .T. ) ;
#1465 = SURFACE_STYLE_USAGE ( .BOTH. , #839 ) ;
#1466 = DIRECTION ( 'NONE',  ( 0.000000000000000000, -1.000000000000000000, 0.000000000000000000 ) ) ;
#1467 = CARTESIAN_POINT ( 'NONE',  ( -0.4000000000000000777, 0.02000000000000000042, 0.5000000000000000000 ) ) ;
#1468 = UNCERTAINTY_MEASURE_WITH_UNIT (LENGTH_MEASURE( 1.000000000000000082E-05 ), #1051, 'distance_accuracy_value', 'NONE');
#1469 =( LENGTH_UNIT ( ) NAMED_UNIT ( * ) SI_UNIT ( .MILLI., .METRE. ) );
#1470 = CARTESIAN_POINT ( 'NONE',  ( -0.9143999999999740114, 0.5326000000000000734, 0.4418000000000180116 ) ) ;
#1471 = DIRECTION ( 'NONE',  ( 0.000000000000000000, -1.000000000000000000, 0.000000000000000000 ) ) ;
#1472 =( NAMED_UNIT ( * ) SI_UNIT ( $, .STERADIAN. ) SOLID_ANGLE_UNIT ( ) );
#1473 = PLANE ( 'NONE',  #118 ) ;
#1474 = EDGE_CURVE ( 'NONE', #276, #1618, #946, .T. ) ;
#1475 =( GEOMETRIC_REPRESENTATION_CONTEXT ( 3 ) GLOBAL_UNCERTAINTY_ASSIGNED_CONTEXT ( ( #1210 ) ) GLOBAL_UNIT_ASSIGNED_CONTEXT ( ( #1319, #1451, #712 ) ) REPRESENTATION_CONTEXT ( 'NONE', 'WORKASPACE' ) );
#1476 = EDGE_CURVE ( 'NONE', #9, #506, #1430, .T. ) ;
#1477 = ORIENTED_EDGE ( 'NONE', *, *, #1982, .T. ) ;
#1478 = FILL_AREA_STYLE_COLOUR ( '', #1209 ) ;
#1479 = DIRECTION ( 'NONE',  ( 0.000000000000000000, 0.000000000000000000, 1.000000000000000000 ) ) ;
#1480 = DIRECTION ( 'NONE',  ( -1.000000000000000000, 0.000000000000000000, 0.000000000000000000 ) ) ;
#1481 = COLOUR_RGB ( '',0.9686274509803921573, 0.8784313725490195957, 0.5999999999999999778 ) ;
#1482 = DIRECTION ( 'NONE',  ( 0.000000000000000000, 0.000000000000000000, -1.000000000000000000 ) ) ;
#1483 = STYLED_ITEM ( 'NONE', ( #1995 ), #1520 ) ;
#1484 = CARTESIAN_POINT ( 'NONE',  ( 0.8281999999999999362, 0.5895999999999999019, -0.4317999999999694860 ) ) ;
#1485 = UNCERTAINTY_MEASURE_WITH_UNIT (LENGTH_MEASURE( 1.000000000000000082E-05 ), #567, 'distance_accuracy_value', 'NONE');
#1486 = VECTOR ( 'NONE', #1800, 1000.000000000000000 ) ;
#1487 = ADVANCED_FACE ( 'NONE', ( #1853 ), #496, .F. ) ;
#1488 = SURFACE_SIDE_STYLE ('',( #399 ) ) ;
#1489 = ORIENTED_EDGE ( 'NONE', *, *, #1039, .T. ) ;
#1490 = SURFACE_SIDE_STYLE ('',( #1766 ) ) ;
#1491 = ORIENTED_EDGE ( 'NONE', *, *, #77, .T. ) ;
#1492 = SURFACE_SIDE_STYLE ('',( #1817 ) ) ;
#1493 = APPLICATION_PROTOCOL_DEFINITION ( 'draft international standard', 'automotive_design', 1998, #369 ) ;
#1494 = CARTESIAN_POINT ( 'NONE',  ( 0.9170999999999739360, 0.6095999999999999197, 0.6069000000000180917 ) ) ;
#1495 = DIRECTION ( 'NONE',  ( 0.000000000000000000, 0.000000000000000000, -1.000000000000000000 ) ) ;
#1496 = VERTEX_POINT ( 'NONE', #911 ) ;
#1497 = DIRECTION ( 'NONE',  ( -1.000000000000000000, 0.000000000000000000, 1.816388293659769774E-16 ) ) ;
#1498 = DIRECTION ( 'NONE',  ( 0.000000000000000000, 0.000000000000000000, 1.000000000000000000 ) ) ;
#1499 = SURFACE_STYLE_USAGE ( .BOTH. , #255 ) ;
#1500 = DIRECTION ( 'NONE',  ( 0.000000000000000000, 0.000000000000000000, 1.000000000000000000 ) ) ;
#1501 = ADVANCED_FACE ( 'NONE', ( #1719 ), #281, .T. ) ;
#1502 = FILL_AREA_STYLE_COLOUR ( '', #1037 ) ;
#1503 = UNCERTAINTY_MEASURE_WITH_UNIT (LENGTH_MEASURE( 1.000000000000000082E-05 ), #356, 'distance_accuracy_value', 'NONE');
#1504 = VECTOR ( 'NONE', #539, 1000.000000000000000 ) ;
#1505 = FACE_OUTER_BOUND ( 'NONE', #253, .T. ) ;
#1506 = ORIENTED_EDGE ( 'NONE', *, *, #1788, .F. ) ;
#1507 = COLOUR_RGB ( '',0.9686274509803921573, 0.8784313725490195957, 0.5999999999999999778 ) ;
#1508 =( NAMED_UNIT ( * ) SI_UNIT ( $, .STERADIAN. ) SOLID_ANGLE_UNIT ( ) );
#1509 = CARTESIAN_POINT ( 'NONE',  ( 0.8281999999999999362, 0.5326000000000000734, -0.4317999999999694860 ) ) ;
#1510 = PLANE ( 'NONE',  #50 ) ;
#1511 = ORIENTED_EDGE ( 'NONE', *, *, #1088, .F. ) ;
#1512 = PRESENTATION_STYLE_ASSIGNMENT (( #1676 ) ) ;
#1513 =( NAMED_UNIT ( * ) PLANE_ANGLE_UNIT ( ) SI_UNIT ( $, .RADIAN. ) );
#1514 = FILL_AREA_STYLE ('',( #589 ) ) ;
#1515 = COLOUR_RGB ( '',0.9686274509803921573, 0.8784313725490195957, 0.5999999999999999778 ) ;
#1516 = VECTOR ( 'NONE', #792, 1000.000000000000000 ) ;
#1517 = DIRECTION ( 'NONE',  ( -1.000000000000000000, -0.000000000000000000, -0.000000000000000000 ) ) ;
#1518 = SURFACE_STYLE_FILL_AREA ( #263 ) ;
#1519 = FILL_AREA_STYLE ('',( #757 ) ) ;
#1520 = ADVANCED_FACE ( 'NONE', ( #1867 ), #1218, .F. ) ;
#1521 = SURFACE_STYLE_USAGE ( .BOTH. , #1024 ) ;
#1522 = AXIS2_PLACEMENT_3D ( 'NONE', #1444, #1609, #219 ) ;
#1523 = SURFACE_SIDE_STYLE ('',( #428 ) ) ;
#1524 = LINE ( 'NONE', #403, #920 ) ;
#1525 = CARTESIAN_POINT ( 'NONE',  ( 0.5999999999999998668, 0.01000000000000000021, 0.4999999999999998890 ) ) ;
#1526 = CARTESIAN_POINT ( 'NONE',  ( -0.8381999999999739659, 0.5895999999999999019, 0.5180000000000180016 ) ) ;
#1527 = ORIENTED_EDGE ( 'NONE', *, *, #1219, .F. ) ;
#1528 = SURFACE_SIDE_STYLE ('',( #1262 ) ) ;
#1529 = SURFACE_SIDE_STYLE ('',( #1094 ) ) ;
#1530 =( LENGTH_UNIT ( ) NAMED_UNIT ( * ) SI_UNIT ( .MILLI., .METRE. ) );
#1531 = VECTOR ( 'NONE', #943, 1000.000000000000000 ) ;
#1532 = EDGE_CURVE ( 'NONE', #602, #1605, #1325, .T. ) ;
#1533 = DIRECTION ( 'NONE',  ( -1.000000000000000000, 0.000000000000000000, 0.000000000000000000 ) ) ;
#1534 = LINE ( 'NONE', #622, #1124 ) ;
#1535 = DIRECTION ( 'NONE',  ( 1.000000000000000000, 0.000000000000000000, 0.000000000000000000 ) ) ;
#1536 = COLOUR_RGB ( '',0.9686274509803921573, 0.8784313725490195957, 0.5999999999999999778 ) ;
#1537 = VERTEX_POINT ( 'NONE', #1232 ) ;
#1538 = CARTESIAN_POINT ( 'NONE',  ( 0.5999999999999998668, 0.01000000000000000021, 0.4999999999999998890 ) ) ;
#1539 = CARTESIAN_POINT ( 'NONE',  ( 0.8281999999999999362, 0.4826000000000000290, -0.4317999999999694860 ) ) ;
#1540 = VECTOR ( 'NONE', #303, 1000.000000000000000 ) ;
#1541 = SURFACE_SIDE_STYLE ('',( #1230 ) ) ;
#1542 = COLOUR_RGB ( '',0.9686274509803921573, 0.8784313725490195957, 0.5999999999999999778 ) ;
#1543 = EDGE_CURVE ( 'NONE', #550, #1373, #291, .T. ) ;
#1544 = ORIENTED_EDGE ( 'NONE', *, *, #654, .T. ) ;
#1545 = VECTOR ( 'NONE', #1991, 1000.000000000000000 ) ;
#1546 = MECHANICAL_DESIGN_GEOMETRIC_PRESENTATION_REPRESENTATION (  '', ( #405 ), #833 ) ;
#1547 = PRESENTATION_LAYER_ASSIGNMENT (  '', '', ( #480 ) ) ;
#1548 = SURFACE_SIDE_STYLE ('',( #1716 ) ) ;
#1549 = FACE_OUTER_BOUND ( 'NONE', #271, .T. ) ;
#1550 = CIRCLE ( 'NONE', #1398, 0.05000000000000002359 ) ;
#1551 = VECTOR ( 'NONE', #1599, 1000.000000000000000 ) ;
#1552 = CYLINDRICAL_SURFACE ( 'NONE', #1638, 0.05000000000000002359 ) ;
#1553 =( NAMED_UNIT ( * ) SI_UNIT ( $, .STERADIAN. ) SOLID_ANGLE_UNIT ( ) );
#1554 = SURFACE_STYLE_FILL_AREA ( #639 ) ;
#1555 = EDGE_CURVE ( 'NONE', #1267, #330, #903, .T. ) ;
#1556 = CARTESIAN_POINT ( 'NONE',  ( 0.9043999999999999817, 0.4826000000000000290, -0.4317999999999694860 ) ) ;
#1557 = EDGE_CURVE ( 'NONE', #1564, #306, #1400, .T. ) ;
#1558 =( NAMED_UNIT ( * ) PLANE_ANGLE_UNIT ( ) SI_UNIT ( $, .RADIAN. ) );
#1559 = DIRECTION ( 'NONE',  ( 0.000000000000000000, -1.000000000000000000, 0.000000000000000000 ) ) ;
#1560 = CARTESIAN_POINT ( 'NONE',  ( -0.4000000000000000777, 0.01000000000000000021, 0.5000000000000000000 ) ) ;
#1561 = CARTESIAN_POINT ( 'NONE',  ( -0.9270999999999720576, 0.6095999999999999197, 0.6068999999999700190 ) ) ;
#1562 = FILL_AREA_STYLE_COLOUR ( '', #1481 ) ;
#1563 = MECHANICAL_DESIGN_GEOMETRIC_PRESENTATION_REPRESENTATION (  '', ( #1316 ), #2005 ) ;
#1564 = VERTEX_POINT ( 'NONE', #262 ) ;
#1565 = DIRECTION ( 'NONE',  ( -0.000000000000000000, 1.000000000000000000, -0.000000000000000000 ) ) ;
#1566 = FILL_AREA_STYLE_COLOUR ( '', #662 ) ;
#1567 = DIRECTION ( 'NONE',  ( -1.000000000000000000, 0.000000000000000000, 0.000000000000000000 ) ) ;
#1568 = EDGE_CURVE ( 'NONE', #1579, #550, #1078, .T. ) ;
#1569 = DIRECTION ( 'NONE',  ( -0.000000000000000000, 0.000000000000000000, -1.000000000000000000 ) ) ;
#1570 = VECTOR ( 'NONE', #672, 1000.000000000000000 ) ;
#1571 = VERTEX_POINT ( 'NONE', #109 ) ;
#1572 = PRESENTATION_STYLE_ASSIGNMENT (( #498 ) ) ;
#1573 = DIRECTION ( 'NONE',  ( -0.000000000000000000, 1.000000000000000000, -0.000000000000000000 ) ) ;
#1574 = COLOUR_RGB ( '',0.9686274509803921573, 0.8784313725490195957, 0.5999999999999999778 ) ;
#1575 =( NAMED_UNIT ( * ) PLANE_ANGLE_UNIT ( ) SI_UNIT ( $, .RADIAN. ) );
#1576 = DIRECTION ( 'NONE',  ( 1.084202172485504557E-16, 0.000000000000000000, -1.000000000000000000 ) ) ;
#1577 = MECHANICAL_DESIGN_GEOMETRIC_PRESENTATION_REPRESENTATION (  '', ( #1053 ), #708 ) ;
#1578 = MECHANICAL_DESIGN_GEOMETRIC_PRESENTATION_REPRESENTATION (  '', ( #968 ), #2015 ) ;
#1579 = VERTEX_POINT ( 'NONE', #748 ) ;
#1580 = VECTOR ( 'NONE', #38, 999.9999999999998863 ) ;
#1581 = AXIS2_PLACEMENT_3D ( 'NONE', #7, #1533, #619 ) ;
#1582 = ORIENTED_EDGE ( 'NONE', *, *, #258, .F. ) ;
#1583 = EDGE_CURVE ( 'NONE', #276, #1496, #240, .T. ) ;
#1584 = ADVANCED_FACE ( 'NONE', ( #398 ), #1351, .T. ) ;
#1585 =( LENGTH_UNIT ( ) NAMED_UNIT ( * ) SI_UNIT ( .MILLI., .METRE. ) );
#1586 = CARTESIAN_POINT ( 'NONE',  ( 0.8281999999999999362, 0.4826000000000000290, 0.4418000000000180116 ) ) ;
#1587 = EDGE_CURVE ( 'NONE', #1894, #476, #249, .T. ) ;
#1588 = EDGE_LOOP ( 'NONE', ( #391, #1511, #1669, #381 ) ) ;
#1589 = FILL_AREA_STYLE ('',( #1478 ) ) ;
#1590 = EDGE_LOOP ( 'NONE', ( #1974, #1491, #2021, #612 ) ) ;
#1591 =( LENGTH_UNIT ( ) NAMED_UNIT ( * ) SI_UNIT ( .MILLI., .METRE. ) );
#1592 = CIRCLE ( 'NONE', #1757, 0.05620000000000001383 ) ;
#1593 = EDGE_CURVE ( 'NONE', #235, #1154, #677, .T. ) ;
#1594 = AXIS2_PLACEMENT_3D ( 'NONE', #1285, #524, #535 ) ;
#1595 = STYLED_ITEM ( 'NONE', ( #1827 ), #275 ) ;
#1596 = EDGE_LOOP ( 'NONE', ( #214, #1433, #897, #905 ) ) ;
#1597 = CIRCLE ( 'NONE', #361, 0.07620000000000000384 ) ;
#1598 = SURFACE_SIDE_STYLE ('',( #52 ) ) ;
#1599 = DIRECTION ( 'NONE',  ( 1.000000000000000000, 0.000000000000000000, 0.000000000000000000 ) ) ;
#1600 = ORIENTED_EDGE ( 'NONE', *, *, #1954, .F. ) ;
#1601 = FILL_AREA_STYLE ('',( #1253 ) ) ;
#1602 = LINE ( 'NONE', #830, #404 ) ;
#1603 = UNCERTAINTY_MEASURE_WITH_UNIT (LENGTH_MEASURE( 1.000000000000000082E-05 ), #1530, 'distance_accuracy_value', 'NONE');
#1604 = DIRECTION ( 'NONE',  ( 1.816388293659769774E-16, 0.000000000000000000, 1.000000000000000000 ) ) ;
#1605 = VERTEX_POINT ( 'NONE', #1034 ) ;
#1606 = DIRECTION ( 'NONE',  ( 0.000000000000000000, 0.000000000000000000, -1.000000000000000000 ) ) ;
#1607 = AXIS2_PLACEMENT_3D ( 'NONE', #1018, #593, #873 ) ;
#1608 = EDGE_LOOP ( 'NONE', ( #1625, #1961, #1624, #194 ) ) ;
#1609 = DIRECTION ( 'NONE',  ( 0.000000000000000000, -1.000000000000000000, 0.000000000000000000 ) ) ;
#1610 = CARTESIAN_POINT ( 'NONE',  ( 0.5999999999999998668, 0.02000000000000000042, 0.4999999999999998890 ) ) ;
#1611 = VECTOR ( 'NONE', #543, 1000.000000000000000 ) ;
#1612 = CIRCLE ( 'NONE', #176, 0.07619999999999994833 ) ;
#1613 = EDGE_LOOP ( 'NONE', ( #1943, #1600, #945, #1923 ) ) ;
#1614 = EDGE_LOOP ( 'NONE', ( #527, #242, #119, #556 ) ) ;
#1615 = DIRECTION ( 'NONE',  ( 0.000000000000000000, 1.000000000000000000, 0.000000000000000000 ) ) ;
#1616 = CARTESIAN_POINT ( 'NONE',  ( 0.3999999999999998557, 0.01000000000000000021, 0.3000000000000000444 ) ) ;
#1617 = CARTESIAN_POINT ( 'NONE',  ( -1.003299999999999859, 0.4826000000000000290, 0.5306999999999699735 ) ) ;
#1618 = VERTEX_POINT ( 'NONE', #106 ) ;
#1619 = DIRECTION ( 'NONE',  ( -0.000000000000000000, -1.000000000000000000, -0.000000000000000000 ) ) ;
#1620 = FILL_AREA_STYLE ('',( #998 ) ) ;
#1621 = ADVANCED_FACE ( 'NONE', ( #577 ), #720, .F. ) ;
#1622 = PLANE ( 'NONE',  #1691 ) ;
#1623 = PRESENTATION_STYLE_ASSIGNMENT (( #1962 ) ) ;
#1624 = ORIENTED_EDGE ( 'NONE', *, *, #351, .T. ) ;
#1625 = ORIENTED_EDGE ( 'NONE', *, *, #1358, .F. ) ;
#1626 = FILL_AREA_STYLE_COLOUR ( '', #500 ) ;
#1627 = CARTESIAN_POINT ( 'NONE',  ( -0.8381999999999739659, 0.6095999999999999197, -0.4879999999999699578 ) ) ;
#1628 = ADVANCED_FACE ( 'NONE', ( #1212, #781, #302 ), #151, .T. ) ;
#1629 = DIRECTION ( 'NONE',  ( 0.000000000000000000, 1.000000000000000000, 0.000000000000000000 ) ) ;
#1630 = ORIENTED_EDGE ( 'NONE', *, *, #695, .F. ) ;
#1631 = MECHANICAL_DESIGN_GEOMETRIC_PRESENTATION_REPRESENTATION (  '', ( #499 ), #1475 ) ;
#1632 = STYLED_ITEM ( 'NONE', ( #867 ), #1103 ) ;
#1633 = AXIS2_PLACEMENT_3D ( 'NONE', #1635, #414, #1022 ) ;
#1634 = CIRCLE ( 'NONE', #1903, 0.01999999999999999695 ) ;
#1635 = CARTESIAN_POINT ( 'NONE',  ( -0.8943999999999738826, 0.5895999999999999019, 0.4418000000000180116 ) ) ;
#1636 = MECHANICAL_DESIGN_GEOMETRIC_PRESENTATION_REPRESENTATION (  '', ( #1742 ), #1839 ) ;
#1637 =( NAMED_UNIT ( * ) SI_UNIT ( $, .STERADIAN. ) SOLID_ANGLE_UNIT ( ) );
#1638 = AXIS2_PLACEMENT_3D ( 'NONE', #1723, #791, #1886 ) ;
#1639 = CARTESIAN_POINT ( 'NONE',  ( 0.9043999999999999817, 0.5895999999999999019, 0.4418000000000180116 ) ) ;
#1640 = MECHANICAL_DESIGN_GEOMETRIC_PRESENTATION_REPRESENTATION (  '', ( #703 ), #1675 ) ;
#1641 = FACE_OUTER_BOUND ( 'NONE', #1300, .T. ) ;
#1642 = VECTOR ( 'NONE', #705, 1000.000000000000000 ) ;
#1643 = UNCERTAINTY_MEASURE_WITH_UNIT (LENGTH_MEASURE( 1.000000000000000082E-05 ), #518, 'distance_accuracy_value', 'NONE');
#1644 = CIRCLE ( 'NONE', #1364, 0.07620000000000000384 ) ;
#1645 = PRESENTATION_LAYER_ASSIGNMENT (  '', '', ( #2014 ) ) ;
#1646 = AXIS2_PLACEMENT_3D ( 'NONE', #774, #1064, #129 ) ;
#1647 = SURFACE_STYLE_FILL_AREA ( #239 ) ;
#1648 =( LENGTH_UNIT ( ) NAMED_UNIT ( * ) SI_UNIT ( .MILLI., .METRE. ) );
#1649 = ADVANCED_FACE ( 'NONE', ( #322 ), #2028, .F. ) ;
#1650 = CARTESIAN_POINT ( 'NONE',  ( -0.9643999999999740558, 0.4826000000000000290, -0.4317999999999694305 ) ) ;
#1651 = ORIENTED_EDGE ( 'NONE', *, *, #1668, .T. ) ;
#1652 = FACE_OUTER_BOUND ( 'NONE', #86, .T. ) ;
#1653 = SURFACE_STYLE_FILL_AREA ( #1273 ) ;
#1654 = PRESENTATION_LAYER_ASSIGNMENT (  '', '', ( #1370 ) ) ;
#1655 = DIRECTION ( 'NONE',  ( -1.084202172485504434E-16, -0.000000000000000000, 1.000000000000000000 ) ) ;
#1656 = ORIENTED_EDGE ( 'NONE', *, *, #279, .T. ) ;
#1657 = FILL_AREA_STYLE_COLOUR ( '', #1574 ) ;
#1658 =( NAMED_UNIT ( * ) PLANE_ANGLE_UNIT ( ) SI_UNIT ( $, .RADIAN. ) );
#1659 = ORIENTED_EDGE ( 'NONE', *, *, #1, .T. ) ;
#1660 = LINE ( 'NONE', #1650, #1011 ) ;
#1661 = MECHANICAL_DESIGN_GEOMETRIC_PRESENTATION_REPRESENTATION (  '', ( #531 ), #1664 ) ;
#1662 = DIRECTION ( 'NONE',  ( 0.000000000000000000, 0.000000000000000000, 1.000000000000000000 ) ) ;
#1663 = SURFACE_STYLE_USAGE ( .BOTH. , #416 ) ;
#1664 =( GEOMETRIC_REPRESENTATION_CONTEXT ( 3 ) GLOBAL_UNCERTAINTY_ASSIGNED_CONTEXT ( ( #1407 ) ) GLOBAL_UNIT_ASSIGNED_CONTEXT ( ( #1345, #96, #284 ) ) REPRESENTATION_CONTEXT ( 'NONE', 'WORKASPACE' ) );
#1665 = CARTESIAN_POINT ( 'NONE',  ( 0.9544000000000002482, 0.4826000000000000290, 0.4418000000000180116 ) ) ;
#1666 = CARTESIAN_POINT ( 'NONE',  ( -0.8381999999999739659, 0.4826000000000000290, -0.5579999999999694094 ) ) ;
#1667 = DIRECTION ( 'NONE',  ( 0.000000000000000000, -0.000000000000000000, -1.000000000000000000 ) ) ;
#1668 = EDGE_CURVE ( 'NONE', #476, #64, #513, .T. ) ;
#1669 = ORIENTED_EDGE ( 'NONE', *, *, #648, .T. ) ;
#1670 =( LENGTH_UNIT ( ) NAMED_UNIT ( * ) SI_UNIT ( .MILLI., .METRE. ) );
#1671 = DIRECTION ( 'NONE',  ( -1.000000000000000000, 0.000000000000000000, -0.000000000000000000 ) ) ;
#1672 = DIRECTION ( 'NONE',  ( -0.000000000000000000, -0.000000000000000000, -1.000000000000000000 ) ) ;
#1673 = SURFACE_STYLE_USAGE ( .BOTH. , #1045 ) ;
#1674 =( GEOMETRIC_REPRESENTATION_CONTEXT ( 3 ) GLOBAL_UNCERTAINTY_ASSIGNED_CONTEXT ( ( #1411 ) ) GLOBAL_UNIT_ASSIGNED_CONTEXT ( ( #1077, #1917, #694 ) ) REPRESENTATION_CONTEXT ( 'NONE', 'WORKASPACE' ) );
#1675 =( GEOMETRIC_REPRESENTATION_CONTEXT ( 3 ) GLOBAL_UNCERTAINTY_ASSIGNED_CONTEXT ( ( #80 ) ) GLOBAL_UNIT_ASSIGNED_CONTEXT ( ( #150, #799, #301 ) ) REPRESENTATION_CONTEXT ( 'NONE', 'WORKASPACE' ) );
#1676 = SURFACE_STYLE_USAGE ( .BOTH. , #72 ) ;
#1677 = SURFACE_STYLE_USAGE ( .BOTH. , #287 ) ;
#1678 = STYLED_ITEM ( 'NONE', ( #1229 ), #1649 ) ;
#1679 = COLOUR_RGB ( '',1.000000000000000000, 1.000000000000000000, 1.000000000000000000 ) ;
#1680 =( NAMED_UNIT ( * ) PLANE_ANGLE_UNIT ( ) SI_UNIT ( $, .RADIAN. ) );
#1681 = CARTESIAN_POINT ( 'NONE',  ( 0.8843999999999999639, 0.6095999999999999197, 0.4418000000000180116 ) ) ;
#1682 = DIRECTION ( 'NONE',  ( -0.000000000000000000, -0.000000000000000000, 1.000000000000000000 ) ) ;
#1683 = UNCERTAINTY_MEASURE_WITH_UNIT (LENGTH_MEASURE( 1.000000000000000082E-05 ), #458, 'distance_accuracy_value', 'NONE');
#1684 = PRESENTATION_STYLE_ASSIGNMENT (( #450 ) ) ;
#1685 = ADVANCED_FACE ( 'NONE', ( #1242 ), #1136, .T. ) ;
#1686 = EDGE_LOOP ( 'NONE', ( #1862, #489, #1372, #1743 ) ) ;
#1687 = DIRECTION ( 'NONE',  ( 1.355252715606880543E-16, 0.000000000000000000, -1.000000000000000000 ) ) ;
#1688 = ORIENTED_EDGE ( 'NONE', *, *, #1532, .F. ) ;
#1689 = CARTESIAN_POINT ( 'NONE',  ( 0.8281999999999999362, 0.5895999999999999019, 0.5180000000000180016 ) ) ;
#1690 = CARTESIAN_POINT ( 'NONE',  ( 0.5999999999999998668, 0.02000000000000000042, 0.4999999999999998890 ) ) ;
#1691 = AXIS2_PLACEMENT_3D ( 'NONE', #1907, #1457, #221 ) ;
#1692 = EDGE_CURVE ( 'NONE', #533, #1264, #358, .T. ) ;
#1693 =( NAMED_UNIT ( * ) PLANE_ANGLE_UNIT ( ) SI_UNIT ( $, .RADIAN. ) );
#1694 = PRESENTATION_STYLE_ASSIGNMENT (( #1677 ) ) ;
#1695 = SURFACE_STYLE_FILL_AREA ( #970 ) ;
#1696 = VERTEX_POINT ( 'NONE', #199 ) ;
#1697 = DIRECTION ( 'NONE',  ( 1.000000000000000000, 0.000000000000000000, 0.000000000000000000 ) ) ;
#1698 = DIRECTION ( 'NONE',  ( -0.000000000000000000, 1.000000000000000000, -0.000000000000000000 ) ) ;
#1699 = VERTEX_POINT ( 'NONE', #828 ) ;
#1700 = LINE ( 'NONE', #267, #1150 ) ;
#1701 = LINE ( 'NONE', #1690, #1516 ) ;
#1702 = FILL_AREA_STYLE_COLOUR ( '', #783 ) ;
#1703 = UNCERTAINTY_MEASURE_WITH_UNIT (LENGTH_MEASURE( 1.000000000000000082E-05 ), #598, 'distance_accuracy_value', 'NONE');
#1704 =( LENGTH_UNIT ( ) NAMED_UNIT ( * ) SI_UNIT ( .MILLI., .METRE. ) );
#1705 = CARTESIAN_POINT ( 'NONE',  ( 0.8281999999999999362, 0.6095999999999999197, 0.4418000000000180116 ) ) ;
#1706 =( NAMED_UNIT ( * ) PLANE_ANGLE_UNIT ( ) SI_UNIT ( $, .RADIAN. ) );
#1707 = COLOUR_RGB ( '',1.000000000000000000, 1.000000000000000000, 1.000000000000000000 ) ;
#1708 = UNCERTAINTY_MEASURE_WITH_UNIT (LENGTH_MEASURE( 1.000000000000000082E-05 ), #1648, 'distance_accuracy_value', 'NONE');
#1709 = PRESENTATION_STYLE_ASSIGNMENT (( #378 ) ) ;
#1710 = MECHANICAL_DESIGN_GEOMETRIC_PRESENTATION_REPRESENTATION (  '', ( #581 ), #1427 ) ;
#1711 = DIRECTION ( 'NONE',  ( 0.000000000000000000, 0.000000000000000000, 1.000000000000000000 ) ) ;
#1712 = DIRECTION ( 'NONE',  ( 0.000000000000000000, 0.000000000000000000, -1.000000000000000000 ) ) ;
#1713 = PRESENTATION_LAYER_ASSIGNMENT (  '', '', ( #405 ) ) ;
#1714 = VECTOR ( 'NONE', #1208, 1000.000000000000000 ) ;
#1715 = EDGE_CURVE ( 'NONE', #1000, #1564, #841, .T. ) ;
#1716 = SURFACE_STYLE_FILL_AREA ( #1417 ) ;
#1717 = DIRECTION ( 'NONE',  ( 0.000000000000000000, 0.000000000000000000, -1.000000000000000000 ) ) ;
#1718 = ORIENTED_EDGE ( 'NONE', *, *, #1044, .F. ) ;
#1719 = FACE_OUTER_BOUND ( 'NONE', #1971, .T. ) ;
#1720 = FACE_OUTER_BOUND ( 'NONE', #1787, .T. ) ;
#1721 = MECHANICAL_DESIGN_GEOMETRIC_PRESENTATION_REPRESENTATION (  '', ( #1090 ), #842 ) ;
#1722 = SURFACE_STYLE_USAGE ( .BOTH. , #1424 ) ;
#1723 = CARTESIAN_POINT ( 'NONE',  ( -1.013299999999999867, 0.5326000000000000734, -0.5579999999999699645 ) ) ;
#1724 = EDGE_CURVE ( 'NONE', #487, #536, #1602, .T. ) ;
#1725 = SURFACE_STYLE_USAGE ( .BOTH. , #1066 ) ;
#1726 = ORIENTED_EDGE ( 'NONE', *, *, #62, .F. ) ;
#1727 = DIRECTION ( 'NONE',  ( 0.000000000000000000, 0.000000000000000000, 1.000000000000000000 ) ) ;
#1728 =( NAMED_UNIT ( * ) PLANE_ANGLE_UNIT ( ) SI_UNIT ( $, .RADIAN. ) );
#1729 = PRESENTATION_LAYER_ASSIGNMENT (  '', '', ( #1595 ) ) ;
#1730 =( GEOMETRIC_REPRESENTATION_CONTEXT ( 3 ) GLOBAL_UNCERTAINTY_ASSIGNED_CONTEXT ( ( #190 ) ) GLOBAL_UNIT_ASSIGNED_CONTEXT ( ( #160, #1412, #978 ) ) REPRESENTATION_CONTEXT ( 'NONE', 'WORKASPACE' ) );
#1731 = AXIS2_PLACEMENT_3D ( 'NONE', #1484, #393, #744 ) ;
#1732 = ADVANCED_FACE ( 'NONE', ( #609 ), #1223, .T. ) ;
#1733 = CARTESIAN_POINT ( 'NONE',  ( -0.9000000000000001332, 0.01000000000000000021, 0.5000000000000000000 ) ) ;
#1734 = SURFACE_SIDE_STYLE ('',( #472 ) ) ;
#1735 = AXIS2_PLACEMENT_3D ( 'NONE', #886, #1987, #715 ) ;
#1736 = FACE_OUTER_BOUND ( 'NONE', #1141, .T. ) ;
#1737 = ORIENTED_EDGE ( 'NONE', *, *, #1039, .F. ) ;
#1738 = ADVANCED_FACE ( 'NONE', ( #1414 ), #1449, .F. ) ;
#1739 = CARTESIAN_POINT ( 'NONE',  ( -0.8943999999999738826, 0.6095999999999999197, 0.4418000000000180116 ) ) ;
#1740 = PRODUCT_DEFINITION ( 'UNKNOWN', '', #1765, #850 ) ;
#1741 = CIRCLE ( 'NONE', #858, 0.07619999999999994833 ) ;
#1742 = STYLED_ITEM ( 'NONE', ( #1945 ), #2002 ) ;
#1743 = ORIENTED_EDGE ( 'NONE', *, *, #451, .F. ) ;
#1744 = ORIENTED_EDGE ( 'NONE', *, *, #492, .F. ) ;
#1745 = LINE ( 'NONE', #340, #441 ) ;
#1746 = ORIENTED_EDGE ( 'NONE', *, *, #532, .F. ) ;
#1747 = COLOUR_RGB ( '',1.000000000000000000, 1.000000000000000000, 1.000000000000000000 ) ;
#1748 = FILL_AREA_STYLE ('',( #1702 ) ) ;
#1749 = ORIENTED_EDGE ( 'NONE', *, *, #1068, .F. ) ;
#1750 = EDGE_LOOP ( 'NONE', ( #1527, #949, #1278, #1196 ) ) ;
#1751 = EDGE_CURVE ( 'NONE', #1915, #238, #380, .T. ) ;
#1752 = DIRECTION ( 'NONE',  ( 0.000000000000000000, 1.000000000000000000, 0.000000000000000000 ) ) ;
#1753 = UNCERTAINTY_MEASURE_WITH_UNIT (LENGTH_MEASURE( 1.000000000000000082E-05 ), #1164, 'distance_accuracy_value', 'NONE');
#1754 = SURFACE_STYLE_FILL_AREA ( #201 ) ;
#1755 = EDGE_LOOP ( 'NONE', ( #1006, #661, #388, #1858 ) ) ;
#1756 = ORIENTED_EDGE ( 'NONE', *, *, #1593, .F. ) ;
#1757 = AXIS2_PLACEMENT_3D ( 'NONE', #1102, #731, #1498 ) ;
#1758 = CARTESIAN_POINT ( 'NONE',  ( 0.8281999999999998252, 0.5895999999999999019, -0.5079999999999699201 ) ) ;
#1759 = CYLINDRICAL_SURFACE ( 'NONE', #730, 0.07620000000000000384 ) ;
#1760 = EDGE_CURVE ( 'NONE', #987, #110, #230, .T. ) ;
#1761 = DIRECTION ( 'NONE',  ( -1.000000000000000000, 0.000000000000000000, 0.000000000000000000 ) ) ;
#1762 = VERTEX_POINT ( 'NONE', #1815 ) ;
#1763 = ORIENTED_EDGE ( 'NONE', *, *, #1182, .F. ) ;
#1764 = COLOUR_RGB ( '',1.000000000000000000, 1.000000000000000000, 1.000000000000000000 ) ;
#1765 = PRODUCT_DEFINITION_FORMATION_WITH_SPECIFIED_SOURCE ( 'ANY', '', #1010, .NOT_KNOWN. ) ;
#1766 = SURFACE_STYLE_FILL_AREA ( #540 ) ;
#1767 = ORIENTED_EDGE ( 'NONE', *, *, #1119, .T. ) ;
#1768 = PRESENTATION_STYLE_ASSIGNMENT (( #210 ) ) ;
#1769 = FILL_AREA_STYLE ('',( #675 ) ) ;
#1770 = ORIENTED_EDGE ( 'NONE', *, *, #697, .T. ) ;
#1771 = CARTESIAN_POINT ( 'NONE',  ( 0.9000000000000000222, 0.02000000000000000042, -0.5000000000000000000 ) ) ;
#1772 = ORIENTED_EDGE ( 'NONE', *, *, #562, .T. ) ;
#1773 = AXIS2_PLACEMENT_3D ( 'NONE', #1387, #934, #195 ) ;
#1774 = SURFACE_STYLE_FILL_AREA ( #202 ) ;
#1775 = PRESENTATION_STYLE_ASSIGNMENT (( #76 ) ) ;
#1776 = EDGE_LOOP ( 'NONE', ( #1819, #916, #766, #1871 ) ) ;
#1777 =( GEOMETRIC_REPRESENTATION_CONTEXT ( 3 ) GLOBAL_UNCERTAINTY_ASSIGNED_CONTEXT ( ( #1703 ) ) GLOBAL_UNIT_ASSIGNED_CONTEXT ( ( #598, #1797, #1969 ) ) REPRESENTATION_CONTEXT ( 'NONE', 'WORKASPACE' ) );
#1778 = ORIENTED_EDGE ( 'NONE', *, *, #107, .F. ) ;
#1779 = DIRECTION ( 'NONE',  ( 0.000000000000000000, 1.000000000000000000, 0.000000000000000000 ) ) ;
#1780 = AXIS2_PLACEMENT_3D ( 'NONE', #1847, #626, #1206 ) ;
#1781 = ORIENTED_EDGE ( 'NONE', *, *, #521, .F. ) ;
#1782 = DIRECTION ( 'NONE',  ( 0.000000000000000000, -1.000000000000000000, 0.000000000000000000 ) ) ;
#1783 = APPLICATION_PROTOCOL_DEFINITION ( 'draft international standard', 'automotive_design', 1998, #299 ) ;
#1784 =( LENGTH_UNIT ( ) NAMED_UNIT ( * ) SI_UNIT ( .MILLI., .METRE. ) );
#1785 = MECHANICAL_DESIGN_GEOMETRIC_PRESENTATION_REPRESENTATION (  '', ( #711 ), #1777 ) ;
#1786 = ORIENTED_EDGE ( 'NONE', *, *, #594, .F. ) ;
#1787 = EDGE_LOOP ( 'NONE', ( #1891, #1718, #1957, #1746 ) ) ;
#1788 = EDGE_CURVE ( 'NONE', #1267, #54, #1458, .T. ) ;
#1789 = EDGE_LOOP ( 'NONE', ( #823, #308, #1175, #1772 ) ) ;
#1790 = LINE ( 'NONE', #847, #1021 ) ;
#1791 = AXIS2_PLACEMENT_3D ( 'NONE', #377, #1619, #817 ) ;
#1792 = UNCERTAINTY_MEASURE_WITH_UNIT (LENGTH_MEASURE( 1.000000000000000082E-05 ), #566, 'distance_accuracy_value', 'NONE');
#1793 = SURFACE_SIDE_STYLE ('',( #1754 ) ) ;
#1794 = FACE_OUTER_BOUND ( 'NONE', #1686, .T. ) ;
#1795 = PRESENTATION_LAYER_ASSIGNMENT (  '', '', ( #1828 ) ) ;
#1796 = SHAPE_DEFINITION_REPRESENTATION ( #1883, #20 ) ;
#1797 =( NAMED_UNIT ( * ) PLANE_ANGLE_UNIT ( ) SI_UNIT ( $, .RADIAN. ) );
#1798 =( NAMED_UNIT ( * ) SI_UNIT ( $, .STERADIAN. ) SOLID_ANGLE_UNIT ( ) );
#1799 = PRESENTATION_STYLE_ASSIGNMENT (( #1673 ) ) ;
#1800 = DIRECTION ( 'NONE',  ( 1.979863240089145225E-14, 0.000000000000000000, -1.000000000000000000 ) ) ;
#1801 = AXIS2_PLACEMENT_3D ( 'NONE', #251, #1497, #1964 ) ;
#1802 = ORIENTED_EDGE ( 'NONE', *, *, #941, .T. ) ;
#1803 = MANIFOLD_SOLID_BREP ( 'Fillet2', #801 ) ;
#1804 = CARTESIAN_POINT ( 'NONE',  ( -0.8381999999999739659, 0.6095999999999999197, -0.4879999999999699578 ) ) ;
#1805 = VECTOR ( 'NONE', #123, 1000.000000000000000 ) ;
#1806 =( NAMED_UNIT ( * ) SI_UNIT ( $, .STERADIAN. ) SOLID_ANGLE_UNIT ( ) );
#1807 = CARTESIAN_POINT ( 'NONE',  ( 0.9932999999999999607, 0.02000000000000005246, -0.5206999999999699646 ) ) ;
#1808 = VECTOR ( 'NONE', #1162, 1000.000000000000000 ) ;
#1809 = FACE_OUTER_BOUND ( 'NONE', #264, .T. ) ;
#1810 = AXIS2_PLACEMENT_3D ( 'NONE', #1882, #467, #625 ) ;
#1811 = CIRCLE ( 'NONE', #1330, 0.05619999999999995832 ) ;
#1812 = MECHANICAL_DESIGN_GEOMETRIC_PRESENTATION_REPRESENTATION (  '', ( #480 ), #1221 ) ;
#1813 = DIRECTION ( 'NONE',  ( -0.7071067811865477948, 0.000000000000000000, -0.7071067811865473507 ) ) ;
#1814 = CARTESIAN_POINT ( 'NONE',  ( -0.8381999999999739659, 0.5895999999999999019, 0.4980000000000179838 ) ) ;
#1815 = CARTESIAN_POINT ( 'NONE',  ( -0.9643999999999740558, 0.4826000000000000290, -0.4317999999999694860 ) ) ;
#1816 = ORIENTED_EDGE ( 'NONE', *, *, #1939, .T. ) ;
#1817 = SURFACE_STYLE_FILL_AREA ( #563 ) ;
#1818 = FILL_AREA_STYLE_COLOUR ( '', #460 ) ;
#1819 = ORIENTED_EDGE ( 'NONE', *, *, #1865, .T. ) ;
#1820 = SURFACE_STYLE_FILL_AREA ( #1194 ) ;
#1821 = ADVANCED_FACE ( 'NONE', ( #1027 ), #721, .F. ) ;
#1822 = CARTESIAN_POINT ( 'NONE',  ( 0.8999999999999999112, 0.02000000000000000042, 0.5000000000000000000 ) ) ;
#1823 = ORIENTED_EDGE ( 'NONE', *, *, #351, .F. ) ;
#1824 = DIRECTION ( 'NONE',  ( -0.000000000000000000, -1.000000000000000000, -0.000000000000000000 ) ) ;
#1825 = DIRECTION ( 'NONE',  ( 0.000000000000000000, 0.000000000000000000, 1.000000000000000000 ) ) ;
#1826 = LINE ( 'NONE', #564, #613 ) ;
#1827 = PRESENTATION_STYLE_ASSIGNMENT (( #408 ) ) ;
#1828 = STYLED_ITEM ( 'NONE', ( #786 ), #332 ) ;
#1829 = ORIENTED_EDGE ( 'NONE', *, *, #1358, .T. ) ;
#1830 = PRESENTATION_STYLE_ASSIGNMENT (( #1201 ) ) ;
#1831 = SURFACE_SIDE_STYLE ('',( #1951 ) ) ;
#1832 = CARTESIAN_POINT ( 'NONE',  ( -1.013299999999999867, 0.4826000000000000290, -0.5079999999999699201 ) ) ;
#1833 = AXIS2_PLACEMENT_3D ( 'NONE', #1038, #1824, #75 ) ;
#1834 = CARTESIAN_POINT ( 'NONE',  ( 0.000000000000000000, 0.01000000000000000021, 0.000000000000000000 ) ) ;
#1835 = PLANE ( 'NONE',  #1801 ) ;
#1836 = VERTEX_POINT ( 'NONE', #1470 ) ;
#1837 = CARTESIAN_POINT ( 'NONE',  ( -0.9000000000000000222, 0.01000000000000000021, -0.5000000000000000000 ) ) ;
#1838 = EDGE_CURVE ( 'NONE', #1335, #1836, #729, .T. ) ;
#1839 =( GEOMETRIC_REPRESENTATION_CONTEXT ( 3 ) GLOBAL_UNCERTAINTY_ASSIGNED_CONTEXT ( ( #558 ) ) GLOBAL_UNIT_ASSIGNED_CONTEXT ( ( #196, #789, #1472 ) ) REPRESENTATION_CONTEXT ( 'NONE', 'WORKASPACE' ) );
#1840 = STYLED_ITEM ( 'NONE', ( #1067 ), #1501 ) ;
#1841 = CIRCLE ( 'NONE', #860, 0.1262000000000000344 ) ;
#1842 = COLOUR_RGB ( '',0.9686274509803921573, 0.8784313725490195957, 0.5999999999999999778 ) ;
#1843 =( GEOMETRIC_REPRESENTATION_CONTEXT ( 3 ) GLOBAL_UNCERTAINTY_ASSIGNED_CONTEXT ( ( #1326 ) ) GLOBAL_UNIT_ASSIGNED_CONTEXT ( ( #309, #448, #1553 ) ) REPRESENTATION_CONTEXT ( 'NONE', 'WORKASPACE' ) );
#1844 = AXIS2_PLACEMENT_3D ( 'NONE', #146, #669, #1289 ) ;
#1845 =( GEOMETRIC_REPRESENTATION_CONTEXT ( 3 ) GLOBAL_UNCERTAINTY_ASSIGNED_CONTEXT ( ( #147 ) ) GLOBAL_UNIT_ASSIGNED_CONTEXT ( ( #1925, #530, #1798 ) ) REPRESENTATION_CONTEXT ( 'NONE', 'WORKASPACE' ) );
#1846 = PRESENTATION_LAYER_ASSIGNMENT (  '', '', ( #711 ) ) ;
#1847 = CARTESIAN_POINT ( 'NONE',  ( 0.3999999999999999667, 0.01000000000000000021, -0.5000000000000000000 ) ) ;
#1848 = ORIENTED_EDGE ( 'NONE', *, *, #884, .F. ) ;
#1849 = ADVANCED_FACE ( 'NONE', ( #834 ), #689, .F. ) ;
#1850 = FILL_AREA_STYLE ('',( #1818 ) ) ;
#1851 =( NAMED_UNIT ( * ) PLANE_ANGLE_UNIT ( ) SI_UNIT ( $, .RADIAN. ) );
#1852 = VERTEX_POINT ( 'NONE', #270 ) ;
#1853 = FACE_OUTER_BOUND ( 'NONE', #1789, .T. ) ;
#1854 = DIRECTION ( 'NONE',  ( 0.000000000000000000, 0.000000000000000000, -1.000000000000000000 ) ) ;
#1855 = LINE ( 'NONE', #1561, #124 ) ;
#1856 = CIRCLE ( 'NONE', #1791, 0.07620000000000000384 ) ;
#1857 = SURFACE_SIDE_STYLE ('',( #1079 ) ) ;
#1858 = ORIENTED_EDGE ( 'NONE', *, *, #1884, .T. ) ;
#1859 = FACE_OUTER_BOUND ( 'NONE', #1596, .T. ) ;
#1860 = DIRECTION ( 'NONE',  ( 0.000000000000000000, -1.000000000000000000, 0.000000000000000000 ) ) ;
#1861 = AXIS2_PLACEMENT_3D ( 'NONE', #227, #1317, #1920 ) ;
#1862 = ORIENTED_EDGE ( 'NONE', *, *, #2026, .T. ) ;
#1863 = AXIS2_PLACEMENT_3D ( 'NONE', #775, #1437, #145 ) ;
#1864 = FILL_AREA_STYLE_COLOUR ( '', #1146 ) ;
#1865 = EDGE_CURVE ( 'NONE', #1361, #173, #773, .T. ) ;
#1866 = ORIENTED_EDGE ( 'NONE', *, *, #1274, .F. ) ;
#1867 = FACE_OUTER_BOUND ( 'NONE', #1261, .T. ) ;
#1868 = DIRECTION ( 'NONE',  ( 0.000000000000000000, -1.000000000000000000, 0.000000000000000000 ) ) ;
#1869 = SURFACE_SIDE_STYLE ('',( #1092 ) ) ;
#1870 = FILL_AREA_STYLE_COLOUR ( '', #1055 ) ;
#1871 = ORIENTED_EDGE ( 'NONE', *, *, #258, .T. ) ;
#1872 = CARTESIAN_POINT ( 'NONE',  ( -1.013299999999999867, 0.4826000000000000290, 0.6069000000000180917 ) ) ;
#1873 = MECHANICAL_DESIGN_GEOMETRIC_PRESENTATION_REPRESENTATION (  '', ( #2014 ), #674 ) ;
#1874 = SURFACE_SIDE_STYLE ('',( #56 ) ) ;
#1875 = AXIS2_PLACEMENT_3D ( 'NONE', #1881, #159, #1727 ) ;
#1876 = EDGE_LOOP ( 'NONE', ( #1986, #35, #803, #1140 ) ) ;
#1877 =( GEOMETRIC_REPRESENTATION_CONTEXT ( 3 ) GLOBAL_UNCERTAINTY_ASSIGNED_CONTEXT ( ( #4 ) ) GLOBAL_UNIT_ASSIGNED_CONTEXT ( ( #91, #1513, #419 ) ) REPRESENTATION_CONTEXT ( 'NONE', 'WORKASPACE' ) );
#1878 =( LENGTH_UNIT ( ) NAMED_UNIT ( * ) SI_UNIT ( .MILLI., .METRE. ) );
#1879 = EDGE_LOOP ( 'NONE', ( #670, #1320, #1904, #1310, #311, #1823, #280, #2007 ) ) ;
#1880 = DIRECTION ( 'NONE',  ( 0.000000000000000000, -0.000000000000000000, 1.000000000000000000 ) ) ;
#1881 = CARTESIAN_POINT ( 'NONE',  ( 0.8281999999999999362, 0.5895999999999999019, 0.4418000000000180116 ) ) ;
#1882 = CARTESIAN_POINT ( 'NONE',  ( 0.9544000000000002482, 0.5326000000000000734, 0.6069000000000180917 ) ) ;
#1883 = PRODUCT_DEFINITION_SHAPE ( 'NONE', 'NONE',  #1740 ) ;
#1884 = EDGE_CURVE ( 'NONE', #1205, #1852, #1195, .T. ) ;
#1885 = PRESENTATION_STYLE_ASSIGNMENT (( #1722 ) ) ;
#1886 = DIRECTION ( 'NONE',  ( 0.000000000000000000, 0.000000000000000000, 1.000000000000000000 ) ) ;
#1887 = ORIENTED_EDGE ( 'NONE', *, *, #1838, .F. ) ;
#1888 =( LENGTH_UNIT ( ) NAMED_UNIT ( * ) SI_UNIT ( .MILLI., .METRE. ) );
#1889 = PRESENTATION_STYLE_ASSIGNMENT (( #2037 ) ) ;
#1890 = DIRECTION ( 'NONE',  ( 0.000000000000000000, 0.000000000000000000, -1.000000000000000000 ) ) ;
#1891 = ORIENTED_EDGE ( 'NONE', *, *, #27, .T. ) ;
#1892 = SURFACE_STYLE_USAGE ( .BOTH. , #772 ) ;
#1893 = UNCERTAINTY_MEASURE_WITH_UNIT (LENGTH_MEASURE( 1.000000000000000082E-05 ), #881, 'distance_accuracy_value', 'NONE');
#1894 = VERTEX_POINT ( 'NONE', #1666 ) ;
#1895 = FILL_AREA_STYLE_COLOUR ( '', #1515 ) ;
#1896 = STYLED_ITEM ( 'NONE', ( #1799 ), #859 ) ;
#1897 = ORIENTED_EDGE ( 'NONE', *, *, #431, .F. ) ;
#1898 = EDGE_CURVE ( 'NONE', #1373, #628, #735, .T. ) ;
#1899 = CARTESIAN_POINT ( 'NONE',  ( -0.8381999999999739659, 0.6095999999999999197, 0.4980000000000179838 ) ) ;
#1900 = MECHANICAL_DESIGN_GEOMETRIC_PRESENTATION_REPRESENTATION (  '', ( #163 ), #325 ) ;
#1901 = EDGE_LOOP ( 'NONE', ( #718, #1726, #1688, #1343 ) ) ;
#1902 = CARTESIAN_POINT ( 'NONE',  ( 0.9170999999999739360, 0.6095999999999999197, -0.5968999999999700101 ) ) ;
#1903 = AXIS2_PLACEMENT_3D ( 'NONE', #1149, #1761, #832 ) ;
#1904 = ORIENTED_EDGE ( 'NONE', *, *, #813, .F. ) ;
#1905 =( NAMED_UNIT ( * ) SI_UNIT ( $, .STERADIAN. ) SOLID_ANGLE_UNIT ( ) );
#1906 = MECHANICAL_DESIGN_GEOMETRIC_PRESENTATION_REPRESENTATION (  '', ( #1213 ), #1730 ) ;
#1907 = CARTESIAN_POINT ( 'NONE',  ( -1.013299999999999867, 0.6095999999999999197, 0.6069000000000180917 ) ) ;
#1908 =( NAMED_UNIT ( * ) PLANE_ANGLE_UNIT ( ) SI_UNIT ( $, .RADIAN. ) );
#1909 = AXIS2_PLACEMENT_3D ( 'NONE', #1392, #618, #1711 ) ;
#1910 = AXIS2_PLACEMENT_3D ( 'NONE', #259, #890, #1813 ) ;
#1911 = COLOUR_RGB ( '',1.000000000000000000, 1.000000000000000000, 1.000000000000000000 ) ;
#1912 = CIRCLE ( 'NONE', #1084, 0.04999999999999991257 ) ;
#1913 = CARTESIAN_POINT ( 'NONE',  ( -0.8381999999999739659, 0.5895999999999999019, -0.5079999999999699201 ) ) ;
#1914 = PRESENTATION_LAYER_ASSIGNMENT (  '', '', ( #1297 ) ) ;
#1915 = VERTEX_POINT ( 'NONE', #902 ) ;
#1916 = SURFACE_STYLE_USAGE ( .BOTH. , #973 ) ;
#1917 =( NAMED_UNIT ( * ) PLANE_ANGLE_UNIT ( ) SI_UNIT ( $, .RADIAN. ) );
#1918 = SURFACE_SIDE_STYLE ('',( #849 ) ) ;
#1919 = PRESENTATION_STYLE_ASSIGNMENT (( #1296 ) ) ;
#1920 = DIRECTION ( 'NONE',  ( 0.000000000000000000, 0.000000000000000000, -1.000000000000000000 ) ) ;
#1921 = SURFACE_STYLE_FILL_AREA ( #636 ) ;
#1922 = CARTESIAN_POINT ( 'NONE',  ( 0.8843999999999999639, 0.5895999999999999019, 0.4418000000000180116 ) ) ;
#1923 = ORIENTED_EDGE ( 'NONE', *, *, #1583, .T. ) ;
#1924 = CARTESIAN_POINT ( 'NONE',  ( -0.3999999999999999667, 0.02000000000000000042, -0.5000000000000000000 ) ) ;
#1925 =( LENGTH_UNIT ( ) NAMED_UNIT ( * ) SI_UNIT ( .MILLI., .METRE. ) );
#1926 =( NAMED_UNIT ( * ) SI_UNIT ( $, .STERADIAN. ) SOLID_ANGLE_UNIT ( ) );
#1927 = MECHANICAL_DESIGN_GEOMETRIC_PRESENTATION_REPRESENTATION (  '', ( #252 ), #2029 ) ;
#1928 = ADVANCED_FACE ( 'NONE', ( #1062 ), #108, .F. ) ;
#1929 = ORIENTED_EDGE ( 'NONE', *, *, #1268, .F. ) ;
#1930 = DIRECTION ( 'NONE',  ( 0.000000000000000000, 1.000000000000000000, 0.000000000000000000 ) ) ;
#1931 = AXIS2_PLACEMENT_3D ( 'NONE', #237, #870, #574 ) ;
#1932 = ORIENTED_EDGE ( 'NONE', *, *, #1464, .F. ) ;
#1933 = CARTESIAN_POINT ( 'NONE',  ( 0.8999999999999999112, 0.01000000000000000021, 0.5000000000000000000 ) ) ;
#1934 = CARTESIAN_POINT ( 'NONE',  ( -0.8381999999999739659, 0.5326000000000000734, -0.5079999999999699201 ) ) ;
#1935 = PRESENTATION_LAYER_ASSIGNMENT (  '', '', ( #1632 ) ) ;
#1936 = UNCERTAINTY_MEASURE_WITH_UNIT (LENGTH_MEASURE( 1.000000000000000082E-05 ), #1591, 'distance_accuracy_value', 'NONE');
#1937 = SURFACE_STYLE_USAGE ( .BOTH. , #1793 ) ;
#1938 = ORIENTED_EDGE ( 'NONE', *, *, #1403, .F. ) ;
#1939 = EDGE_CURVE ( 'NONE', #533, #1267, #2020, .T. ) ;
#1940 = SURFACE_STYLE_FILL_AREA ( #1318 ) ;
#1941 = ORIENTED_EDGE ( 'NONE', *, *, #1724, .F. ) ;
#1942 = MECHANICAL_DESIGN_GEOMETRIC_PRESENTATION_REPRESENTATION (  '', ( #1840 ), #511 ) ;
#1943 = ORIENTED_EDGE ( 'NONE', *, *, #754, .F. ) ;
#1944 = CARTESIAN_POINT ( 'NONE',  ( -0.8381999999999739659, 0.5326000000000000734, -0.5079999999999699201 ) ) ;
#1945 = PRESENTATION_STYLE_ASSIGNMENT (( #152 ) ) ;
#1946 = PRESENTATION_LAYER_ASSIGNMENT (  '', '', ( #1678 ) ) ;
#1947 = DIRECTION ( 'NONE',  ( 0.000000000000000000, 1.000000000000000000, 0.000000000000000000 ) ) ;
#1948 = AXIS2_PLACEMENT_3D ( 'NONE', #505, #1277, #2024 ) ;
#1949 = VECTOR ( 'NONE', #465, 1000.000000000000000 ) ;
#1950 = ORIENTED_EDGE ( 'NONE', *, *, #1342, .F. ) ;
#1951 = SURFACE_STYLE_FILL_AREA ( #260 ) ;
#1952 = ORIENTED_EDGE ( 'NONE', *, *, #1838, .T. ) ;
#1953 = COLOUR_RGB ( '',0.9686274509803921573, 0.8784313725490195957, 0.5999999999999999778 ) ;
#1954 = EDGE_CURVE ( 'NONE', #1226, #835, #1203, .T. ) ;
#1955 = ORIENTED_EDGE ( 'NONE', *, *, #1182, .T. ) ;
#1956 = CARTESIAN_POINT ( 'NONE',  ( -0.8381999999999739659, 0.4826000000000000290, 0.5680000000000180460 ) ) ;
#1957 = ORIENTED_EDGE ( 'NONE', *, *, #1333, .F. ) ;
#1958 =( NAMED_UNIT ( * ) PLANE_ANGLE_UNIT ( ) SI_UNIT ( $, .RADIAN. ) );
#1959 =( GEOMETRIC_REPRESENTATION_CONTEXT ( 3 ) GLOBAL_UNCERTAINTY_ASSIGNED_CONTEXT ( ( #1503 ) ) GLOBAL_UNIT_ASSIGNED_CONTEXT ( ( #356, #1966, #1637 ) ) REPRESENTATION_CONTEXT ( 'NONE', 'WORKASPACE' ) );
#1960 = SURFACE_STYLE_FILL_AREA ( #411 ) ;
#1961 = ORIENTED_EDGE ( 'NONE', *, *, #482, .F. ) ;
#1962 = SURFACE_STYLE_USAGE ( .BOTH. , #706 ) ;
#1963 = ORIENTED_EDGE ( 'NONE', *, *, #512, .T. ) ;
#1964 = DIRECTION ( 'NONE',  ( 0.000000000000000000, 1.000000000000000000, 0.000000000000000000 ) ) ;
#1965 = ORIENTED_EDGE ( 'NONE', *, *, #587, .F. ) ;
#1966 =( NAMED_UNIT ( * ) PLANE_ANGLE_UNIT ( ) SI_UNIT ( $, .RADIAN. ) );
#1967 = EDGE_CURVE ( 'NONE', #1312, #1579, #444, .T. ) ;
#1968 = DIRECTION ( 'NONE',  ( 1.000000000000000000, 0.000000000000000000, 0.000000000000000000 ) ) ;
#1969 =( NAMED_UNIT ( * ) SI_UNIT ( $, .STERADIAN. ) SOLID_ANGLE_UNIT ( ) );
#1970 =( GEOMETRIC_REPRESENTATION_CONTEXT ( 3 ) GLOBAL_UNCERTAINTY_ASSIGNED_CONTEXT ( ( #61 ) ) GLOBAL_UNIT_ASSIGNED_CONTEXT ( ( #966, #663, #189 ) ) REPRESENTATION_CONTEXT ( 'NONE', 'WORKASPACE' ) );
#1971 = EDGE_LOOP ( 'NONE', ( #1659, #1816, #1091, #1767, #665 ) ) ;
#1972 = FACE_OUTER_BOUND ( 'NONE', #1901, .T. ) ;
#1973 = DIRECTION ( 'NONE',  ( 0.000000000000000000, 0.000000000000000000, 1.000000000000000000 ) ) ;
#1974 = ORIENTED_EDGE ( 'NONE', *, *, #876, .T. ) ;
#1975 = CARTESIAN_POINT ( 'NONE',  ( 0.3999999999999999667, 0.01000000000000000021, -0.5000000000000000000 ) ) ;
#1976 = VECTOR ( 'NONE', #795, 1000.000000000000000 ) ;
#1977 = DIRECTION ( 'NONE',  ( -0.000000000000000000, 1.000000000000000000, -0.000000000000000000 ) ) ;
#1978 = ORIENTED_EDGE ( 'NONE', *, *, #1692, .F. ) ;
#1979 = TOROIDAL_SURFACE ( 'NONE', #765, 0.1262000000000000066, 0.05000000000000000278 ) ;
#1980 = DIRECTION ( 'NONE',  ( -1.000000000000000000, 0.000000000000000000, -3.614007241618348278E-16 ) ) ;
#1981 = SURFACE_STYLE_USAGE ( .BOTH. , #600 ) ;
#1982 = EDGE_CURVE ( 'NONE', #1496, #376, #1047, .T. ) ;
#1983 =( NAMED_UNIT ( * ) SI_UNIT ( $, .STERADIAN. ) SOLID_ANGLE_UNIT ( ) );
#1984 = COLOUR_RGB ( '',0.2509803921568627416, 0.2509803921568627416, 0.2509803921568627416 ) ;
#1985 = DIRECTION ( 'NONE',  ( 1.979863240089145225E-14, 0.000000000000000000, -1.000000000000000000 ) ) ;
#1986 = ORIENTED_EDGE ( 'NONE', *, *, #17, .F. ) ;
#1987 = DIRECTION ( 'NONE',  ( -0.000000000000000000, 1.000000000000000000, -0.000000000000000000 ) ) ;
#1988 = FACE_OUTER_BOUND ( 'NONE', #1614, .T. ) ;
#1989 = FILL_AREA_STYLE_COLOUR ( '', #1380 ) ;
#1990 = ORIENTED_EDGE ( 'NONE', *, *, #156, .T. ) ;
#1991 = DIRECTION ( 'NONE',  ( 0.000000000000000000, 0.000000000000000000, 1.000000000000000000 ) ) ;
#1992 = DIRECTION ( 'NONE',  ( 0.000000000000000000, 1.000000000000000000, 0.000000000000000000 ) ) ;
#1993 = DIRECTION ( 'NONE',  ( 1.000000000000000000, 0.000000000000000000, 0.000000000000000000 ) ) ;
#1994 = EDGE_CURVE ( 'NONE', #1579, #1564, #1133, .T. ) ;
#1995 = PRESENTATION_STYLE_ASSIGNMENT (( #2004 ) ) ;
#1996 = DIRECTION ( 'NONE',  ( 1.000000000000000000, 0.000000000000000000, 0.000000000000000000 ) ) ;
#1997 = SURFACE_STYLE_FILL_AREA ( #1375 ) ;
#1998 =( NAMED_UNIT ( * ) SI_UNIT ( $, .STERADIAN. ) SOLID_ANGLE_UNIT ( ) );
#1999 = CARTESIAN_POINT ( 'NONE',  ( -0.8381999999999739659, 0.5326000000000000734, -0.5579999999999694094 ) ) ;
#2000 =( NAMED_UNIT ( * ) SI_UNIT ( $, .STERADIAN. ) SOLID_ANGLE_UNIT ( ) );
#2001 = PRESENTATION_LAYER_ASSIGNMENT (  '', '', ( #163 ) ) ;
#2002 = ADVANCED_FACE ( 'NONE', ( #1720 ), #1979, .F. ) ;
#2003 =( GEOMETRIC_REPRESENTATION_CONTEXT ( 3 ) GLOBAL_UNCERTAINTY_ASSIGNED_CONTEXT ( ( #871 ) ) GLOBAL_UNIT_ASSIGNED_CONTEXT ( ( #696, #1161, #360 ) ) REPRESENTATION_CONTEXT ( 'NONE', 'WORKASPACE' ) );
#2004 = SURFACE_STYLE_USAGE ( .BOTH. , #1523 ) ;
#2005 =( GEOMETRIC_REPRESENTATION_CONTEXT ( 3 ) GLOBAL_UNCERTAINTY_ASSIGNED_CONTEXT ( ( #560 ) ) GLOBAL_UNIT_ASSIGNED_CONTEXT ( ( #1704, #1851, #769 ) ) REPRESENTATION_CONTEXT ( 'NONE', 'WORKASPACE' ) );
#2006 = CARTESIAN_POINT ( 'NONE',  ( -1.003299999999973879, 0.02000000000000005246, -0.5968999999999700101 ) ) ;
#2007 = ORIENTED_EDGE ( 'NONE', *, *, #1884, .F. ) ;
#2008 = COLOUR_RGB ( '',1.000000000000000000, 1.000000000000000000, 1.000000000000000000 ) ;
#2009 = CARTESIAN_POINT ( 'NONE',  ( 0.9932999999999738705, 0.02000000000000005246, 0.6068999999999700190 ) ) ;
#2010 = LINE ( 'NONE', #1043, #2027 ) ;
#2011 = FACE_OUTER_BOUND ( 'NONE', #569, .T. ) ;
#2012 = AXIS2_PLACEMENT_3D ( 'NONE', #780, #615, #1104 ) ;
#2013 = FILL_AREA_STYLE ('',( #1864 ) ) ;
#2014 = STYLED_ITEM ( 'NONE', ( #82 ), #1803 ) ;
#2015 =( GEOMETRIC_REPRESENTATION_CONTEXT ( 3 ) GLOBAL_UNCERTAINTY_ASSIGNED_CONTEXT ( ( #247 ) ) GLOBAL_UNIT_ASSIGNED_CONTEXT ( ( #962, #1406, #651 ) ) REPRESENTATION_CONTEXT ( 'NONE', 'WORKASPACE' ) );
#2016 = FILL_AREA_STYLE_COLOUR ( '', #1542 ) ;
#2017 = CARTESIAN_POINT ( 'NONE',  ( -0.3999999999999999667, 0.01000000000000000021, -0.5000000000000000000 ) ) ;
#2018 = ORIENTED_EDGE ( 'NONE', *, *, #1474, .T. ) ;
#2019 = UNCERTAINTY_MEASURE_WITH_UNIT (LENGTH_MEASURE( 1.000000000000000082E-05 ), #1248, 'distance_accuracy_value', 'NONE');
#2020 = LINE ( 'NONE', #92, #891 ) ;
#2021 = ORIENTED_EDGE ( 'NONE', *, *, #370, .T. ) ;
#2022 = ORIENTED_EDGE ( 'NONE', *, *, #142, .T. ) ;
#2023 = CARTESIAN_POINT ( 'NONE',  ( -1.003299999999999859, 0.6095999999999999197, 0.5306999999999699735 ) ) ;
#2024 = DIRECTION ( 'NONE',  ( -1.000000000000000000, 0.000000000000000000, 0.000000000000000000 ) ) ;
#2025 = SURFACE_SIDE_STYLE ('',( #640 ) ) ;
#2026 = EDGE_CURVE ( 'NONE', #1276, #1226, #1143, .T. ) ;
#2027 = VECTOR ( 'NONE', #1682, 1000.000000000000000 ) ;
#2028 = CYLINDRICAL_SURFACE ( 'NONE', #437, 0.07620000000000000384 ) ;
#2029 =( GEOMETRIC_REPRESENTATION_CONTEXT ( 3 ) GLOBAL_UNCERTAINTY_ASSIGNED_CONTEXT ( ( #750 ) ) GLOBAL_UNIT_ASSIGNED_CONTEXT ( ( #1888, #471, #1397 ) ) REPRESENTATION_CONTEXT ( 'NONE', 'WORKASPACE' ) );
#2030 = PRESENTATION_LAYER_ASSIGNMENT (  '', '', ( #787 ) ) ;
#2031 = DIRECTION ( 'NONE',  ( 0.000000000000000000, -1.000000000000000000, 0.000000000000000000 ) ) ;
#2032 = VERTEX_POINT ( 'NONE', #701 ) ;
#2033 = FILL_AREA_STYLE ('',( #1562 ) ) ;
#2034 = ORIENTED_EDGE ( 'NONE', *, *, #1543, .F. ) ;
#2035 = CARTESIAN_POINT ( 'NONE',  ( 0.9932999999999738705, 0.4826000000000000290, 0.6068999999999700190 ) ) ;
#2036 = SURFACE_STYLE_USAGE ( .BOTH. , #1418 ) ;
#2037 = SURFACE_STYLE_USAGE ( .BOTH. , #1734 ) ;
#2038 = FILL_AREA_STYLE_COLOUR ( '', #2008 ) ;
#2039 = ORIENTED_EDGE ( 'NONE', *, *, #798, .F. ) ;
ENDSEC;
END-ISO-10303-21;
